ID,Type,SKU,Name,Published,Is featured?,Visibility in catalog,Short description,Description,Date sale price starts,Date sale price ends,Tax status,Tax class,In stock?,Stock,Backorders allowed?,Sold individually?,Weight (lbs),Length (in),Width (in),Height (in),Allow customer reviews?,Purchase note,Sale price,Regular price,Categories,Tags,Shipping class,Images,Download limit,Download expiry days,Parent,Grouped products,Upsells,Cross-sells,External URL,Button text,Position,Attribute 1 name,Attribute 1 value(s),Attribute 1 visible,Attribute 1 global,Attribute 2 name,Attribute 2 value(s),Attribute 2 visible,Attribute 2 global,Meta: _wpcom_is_markdown,Download 1 name,Download 1 URL,Download 2 name,Download 2 URL
410,,,ADMINISTRASJONSGEBYR,1,,visible,This is a variable product.,,,,,,1,,0,0,,,,,0,,,,Diverse,,,,,,,,,,,,0,Color,"Blue, Green, Red",1,1,Size,"Large, Medium, Small",1,1,1,,,,
111,,,ANTIQUE DELUXE #2660GTX,1,,visible,This is a variable product.,11/22,,,,,1,1,0,0,31,,,,0,,,11900,Popcornmaskiner,,,,,,,,,,,,0,Color,"Blue, Green, Red",1,1,Logo,"Yes, No",1,0,1,,,,
51,,,APPLE SETTERSTICKER #4006,1,,visible,This is a simple product.,11/12,,,,,1,8,0,0,0.5,,,,0,,,1740,Candy Apple tilbehør,,,,,,,,,,,,0,Color,Blue,1,1,,,,,1,,,,
167,,,ARBEID/SERVICE,1,,visible,This is a simple product.,,,,,,1,,0,0,,,,,0,,,490,Diverse,,,,,,,,,,,,0,Color,Gray,1,1,,,,,1,,,,
590,,,Astro Stjernedryss 40 stk.,1,,visible,This is a simple product.,,,,,,1,11,0,0,1.5,,,,0,,,155,Diverse Godteri,,,,,,,,,,,,0,Color,Red,1,1,,,,,1,,,,
112,,,ASTRO VARMESKAP #2004EX (BRUKT),1,,visible,This is a simple product.,NB. BRUKTE!,,,,,1,2,0,0,87.5,,,,0,,,24500,Popcornmaskiner,,,,,,,,,,,,0,,,,,,,,,1,,,,
501,,,ASTRO VARMESKAP DOBLE DØRER#2004SLDNX,1,,visible,This is a simple product.,"11/22
Skyvedør foran og svingdører bak.",,,,,1,1,0,0,87.5,,,,0,,,35000,Popcornmaskiner,,,,,,,,,,,,0,Color,Yellow,1,1,,,,,1,,,,
159,,,"Baconsnacks 4,8 kg.",1,,visible,This is a simple product.,Pris Mai 2023,,,,,1,216,0,0,6.1,,,,0,,,590,Snacks,,,,,,,,,,,,0,,,,,,,,,1,,,,
271,,,BACONSNACKS BEGER/RUND/500 STK.  80G/46OZ,1,,hidden,This is a simple product.,,,,,,1,49,0,0,11,,,,0,,,1137,Snack tilbehør,,,,,,,,,,,,0,Color,Gray,1,1,,,,,1,,,,
272,,,BACONSNACKS BEGER/RUNDE/500 STK. 40G/24OZ,1,,visible,This is a simple product.,,,,,,1,50,0,0,7,,,,0,,,836,Snack tilbehør,,,,,,,,,,,,0,,,,,,,,,1,,,,
387,,,BACONSNACKS VARMESKAP GM #2186STX,1,,visible,This is a simple product.,11/12,,,,,1,12,0,0,12,,,,0,,,3850,Snack tilbehør,,,,,,,,,,,,0,Color,Green,1,1,,,,,1,,,,
56,,,BAG IN BOX PUMPE (Kun pumpedel!!) #79282EX,1,,visible,This is a simple product.,Priser inn/ut oppdatert 9/22,,,,,1,1,0,0,,,,,0,,,4940,Deler og tilbehør,,,,,,,,,,,,0,Color,Blue,1,1,,,,,1,,,,
662,,,Bag-In-Box-Pumpe/Komplett med rack,1,,visible,"This is a simple, virtual product.",oppdatert April 23,,,,,1,1,0,0,,,,,0,,,14950,Deler og tilbehør,,,,1,1,,,,,,,0,,,,,,,,,1,Single 1,https://demo.woothemes.com/woocommerce/wp-content/uploads/sites/56/2017/08/single.jpg,Single 2,https://demo.woothemes.com/woocommerce/wp-content/uploads/sites/56/2017/08/album.jpg
41,,,BELGISK VAFFELJERN #5024EX,1,,visible,"This is a simple, virtual product.",,,,,,1,,0,0,17.7,,,,0,,,7253,Vafler maskiner og utstyr,,,,1,1,,,,,,,0,,,,,,,,,1,Single,https://demo.woothemes.com/woocommerce/wp-content/uploads/sites/56/2017/08/single.jpg,,
351,,,BH FILTER #41169,1,,visible,,Priser inn/ut oppdatert 9/22,,,,,1,7,0,0,,,,,0,,,1265,Deler og tilbehør,,,,,,woo-vneck-tee,,,,,,0,Color,Red,,1,Size,,,1,,,,,
511,,,BIGBAG BACON/16 STK/350g,1,,visible,,Pris oppdatert sept-22,,,,,1,,0,0,,,,,0,,,349,Snacks,,,,,,woo-vneck-tee,,,,,,0,Color,Green,,1,Size,,,1,,,,,
512,,,BIGBAG CHEESE/16 STK/350g,1,,visible,,,,,,,1,,0,0,5.6,,,,0,,,349,Snacks,,,,,,woo-vneck-tee,,,,,,0,Color,Blue,,1,Size,,,1,,,,,
513,,,BIGBAG Peppermix/16 STK/350g,1,,visible,,,,,,,1,,0,0,5.6,,,,0,,,349,Snacks,,,,,,woo-hoodie,,,,,,1,Color,Red,,1,Logo,No,,0,,,,,
493,,,BOLLE TIL SUKKERSPINNMASKIN/ALU/#42040,1,,visible,,Priser inn/ut oppdatert 9/22,,,,,1,4,0,0,5,,,,0,,,2650,Deler og tilbehør,,,,,,woo-hoodie,,,,,,2,Color,Green,,1,Logo,No,,0,,,,,
492,,,BOLLE TIL SUKKERSPINNMASKIN/PLAST/#42040NMR,1,,visible,,,,,,,1,16,0,0,3,,,,0,,,1385,Deler og tilbehør,,,,,,woo-hoodie,,,,,,3,Color,Blue,,1,Logo,No,,0,,,,,
433,,,BRONCO POP 8 OZ #2452EX,1,,visible,This is a simple product.,Topp i rustfritt stål. Skap i stål. ,,,,,1,,0,0,,,,,0,,,12950,Popcornmaskiner,,,,,,,,,,,,0,Color,Gray,1,1,,,,,1,,,,
636,,,Bryter /Sort /#42798,1,,visible,This is a simple product.,Sort bryter som slår på kjelen/sukkerspinnmaskinen,,,,,1,11,0,0,,,,,0,,,305,Deler og tilbehør,,,,,,,,,,,,0,Color,Red,1,1,,,,,1,,,,
57,,,BRYTER 6 OZ #47201,1,,visible,This is a grouped product.,Priser inn/ut oppdatert 9/22,,,,,1,,0,0,,,,,0,,,245,Deler og tilbehør,,,,,,,"woo-hoodie-with-logo, woo-tshirt, woo-beanie",,,,,0,,,,,,,,,1,,,,
635,,,Bryter Grønn #42532,1,,visible,This is an external product.,Til kjele og lys til popcorn- og sukkerspinnmaskiner,,,,,1,22,0,0,,,,,0,,,170,Deler og tilbehør,,,,,,,,,,https://mercantile.wordpress.org/product/wordpress-pennant/,Buy on the WordPress swag store!,0,,,,,,,,,1,,,,
453,,,BRYTER TIL CITATION (KJELE)#42798,1,,visible,,Priser inn/ut oppdatert 9/22,,,,,1,,0,0,,,,,0,,,345,Deler og tilbehør,,,,,,woo-hoodie,,,,,,0,Color,Blue,,1,Logo,Yes,,0,,,,,
659,,,Bubble Jungle / Display 48 stk.,1,,visible,,,,,,,1,5,0,0,,,,,0,,,225,Diverse Godteri,,,,,,,,,,,,,,,,,,,,,,,,,
557,,,BUBBLE WAFFLE BAKEPLATER,1,,visible,,,,,,,1,2,0,0,4.5,,,,0,,,3519,Vafler maskiner og utstyr,,,,,,,,,,,,,,,,,,,,,,,,,
609,,,Bunnplate P-60 / #49211,1,,visible,,Priser inn/ut oppdatert 9/22,,,,,1,3,0,0,,,,,0,,,885,Deler og tilbehør,,,,,,,,,,,,,,,,,,,,,,,,,
94,,,BÆREBRETT #2048,1,,visible,,Priser inn/ut oppdatert 9/22,,,,,1,,0,0,,,,,0,,,990,Deler og tilbehør,,,,,,,,,,,,,,,,,,,,,,,,,
58,,,BØRSTER FLOSS BOSS/ECONOFLOSS #55007,1,,visible,,Priser inn/ut oppdatert 9/22,,,,,1,,0,0,,,,,0,,,182,Deler og tilbehør,,,,,,,,,,,,,,,,,,,,,,,,,
52,,,CANDY APPLE BAGS 1000 STK. #4007,1,,visible,,11/12,,,,,1,11,0,0,5,,,,0,,,650,Candy Apple tilbehør,,,,,,,,,,,,,,,,,,,,,,,,,
158,,,CANDY APPLE MIX 12X1.5 KG,1,,visible,,Oppdatert 02/23,,,,,1,12,0,0,18,,,,0,,,1690,Candy Apple tilbehør,,,,,,,,,,,,,,,,,,,,,,,,,
53,,,CANDY APPLE PINNER / 500 STK.,1,,visible,,11/12,,,,,1,54,0,0,1,,,,0,,,365,Candy Apple tilbehør,,,,,,,,,,,,,,,,,,,,,,,,,
228,,,CARBON BRUSH,1,,hidden,,,,,,,1,,0,0,,,,,0,,,40,Deler og tilbehør,,,,,,,,,,,,,,,,,,,,,,,,,
529,,,Cheddar paste Clean Label/20 liter,1,,visible,,"11/12
Toll pr. bøtte: 415,- + Cheddar: 1435,-= 1850,-",,,,,1,45,0,0,,,,,0,,,2225,Popcorn tilbehør mat,,,,,,,,,,,,,,,,,,,,,,,,,
531,,,CHEDDAR POPCORN 60 LITER / 4.2 KG,1,,visible,,Aug.-22,,,,,1,,0,0,4.5,,,,0,,,1292,Popcorn tilbehør mat,,,,,,,,,,,,,,,,,,,,,,,,,
114,,,CHEESE TUMBLER 8 GAL #2703,1,,visible,,,,,,,1,1,0,0,,,,,0,,,9600,Popcornmaskiner,,,,,,,,,,,,,,,,,,,,,,,,,
530,,,CHILI MIX VARMESKP/8 STK/900G,1,,visible,,,,,,,1,,0,0,7.2,,,,0,,,675,Snacks,,,,,,,,,,,,,,,,,,,,,,,,,
693,,,Christmas Mix /25g/96 stk.,1,,visible,,,,,,,1,70,0,0,2.6,,,,0,,,525,Kjærligheter,,,,,,,,,,,,,,,,,,,,,,,,,
115,,,CITATION RUSTFRITT STÅL #2001STX,1,,visible,,11/22,,,,,1,4,0,0,53.5,,,,0,,,24500,Popcornmaskiner,,,,,,,,,,,,,,,,,,,,,,,,,
59,,,COOLING PAN #2166,1,,visible,,oppdatert 9/22,,,,,1,,0,0,,,,,0,,,1995,Deler og tilbehør,,,,,,,,,,,,,,,,,,,,,,,,,
117,,,CORONADO 60 OZ #2297-01-100EA,1,,visible,,,,,,,1,,0,0,,,,,0,,,54100,Popcornmaskiner,,,,,,,,,,,,,,,,,,,,,,,,,
404,,,CORONADO 60 OZ TWIN KETTLE W/TABLE #62119SP,1,,visible,,"Komplett med bord, 2 kjeler og 2 pumper.",,,,,1,,0,0,,,,,0,,,145000,Popcornmaskiner,,,,,,,,,,,,,,,,,,,,,,,,,
577,,,COTTON CANDY COLA & BRINGEBÆR/50G/24STK,1,,visible,,Aug-22,,,,,1,,0,0,2.8,,,,0,,,336,Sukkerspinn tilbehør mat,,,,,,,,,,,,,,,,,,,,,,,,,
706,,,Cotton Candy FLUFFYZ/50G/24 STK.,1,,visible,,Innpris er inkludert frakt fra Sverige.,,,,,1,82,0,0,,,,,0,,,336,Sukkerspinn tilbehør mat,,,,,,,,,,,,,,,,,,,,,,,,,
515,,,COTTON CANDY FRUITY MIX/50G/36STK,1,,visible,,Aug-23,,,,,1,8,0,0,2.8,,,,0,,,504,Sukkerspinn tilbehør mat,,,,,,,,,,,,,,,,,,,,,,,,,
516,,,COTTON CANDY ORIGNIAL/50G/36STK,1,,visible,,Aug-23,,,,,1,-7,0,0,2.8,,,,0,,,504,Sukkerspinn tilbehør mat,,,,,,,,,,,,,,,,,,,,,,,,,
145,,,COTTON CANDY TRAY #3062,1,,visible,,11/12,,,,,1,,0,0,0.5,,,,0,,,375,Sukkerspinn tilbehør,,,,,,,,,,,,,,,,,,,,,,,,,
585,,,Deluxe Popcornpakke,1,,visible,,,,,,,1,,0,0,,,,,0,,,13500,Diverse,,,,,,,,,,,,,,,,,,,,,,,,,
565,,,DISKDISPLAY TIL HJERTEVAFFEL / RUSFRITT STÅL / 11 HULL,1,,visible,,,,,,,1,4,0,0,0.8,,,,0,,,819,Vafler maskiner og utstyr,,,,,,,,,,,,,,,,,,,,,,,,,
564,,,DISKDISPLAY TIL PINNEVAFFEL / RUSFRITT STÅL / 8 HULL,1,,visible,,,,,,,1,3,0,0,1,,,,0,,,819,Vafler maskiner og utstyr,,,,,,,,,,,,,,,,,,,,,,,,,
561,,,DISPENSER TIL STRØSSEL / 4 BOKSER,1,,visible,,,,,,,1,4,0,0,1,,,,0,,,524,Vafler maskiner og utstyr,,,,,,,,,,,,,,,,,,,,,,,,,
495,,,DISPENSERSTATIV GULV M/DISPENSER OG 12L HÅNDSPRIT,1,,visible,,,,,,,1,,0,0,,,,,0,,,4500,Diverse,,,,,,,,,,,,,,,,,,,,,,,,,
497,,,DISPENSERSTATIV HÅNDSPRIT TIL DISK/BORD,1,,visible,,,,,,,1,,0,0,,,,,0,,,1600,Diverse,,,,,,,,,,,,,,,,,,,,,,,,,
496,,,DISPENSERSTATIV HÅNDSPRIT VEGG,1,,visible,,,,,,,1,,0,0,,,,,0,,,1200,Diverse,,,,,,,,,,,,,,,,,,,,,,,,,
176,,,DISPLAY - KJÆRLIGHETER,1,,visible,,,,,,,1,16,0,0,,,,,0,,,120,Diverse,,,,,,,,,,,,,,,,,,,,,,,,,
476,,,DIVERSE MATVARE,1,,visible,,,,,,,1,,0,0,,,,,0,,,,Drikkevarer,,,,,,,,,,,,,,,,,,,,,,,,,
327,,,DIVERSE PRODUKT,1,,visible,,,,,,,1,,0,0,,,,,0,,,,Diverse,,,,,,,,,,,,,,,,,,,,,,,,,
632,,,Domelokk til slushbeger / 78mm / 2500 stk.,1,,hidden,,,,,,,1,7,0,0,,,,,0,,,1700,Slush tilbehør,,,,,,,,,,,,,,,,,,,,,,,,,
235,,,DOMELOKK/1000STK/TIL 1.4L BEGER,1,,visible,,,,,,,1,2,0,0,5,,,,0,,,515,Popcorn tilbehør,,,,,,,,,,,,,,,,,,,,,,,,,
637,,,Drev til rørepinne 4-16oz. /#47059K,1,,visible,,"Drev til kjele/rørepinnen. 
Pakke på 2 drev - men selges enkeltvis.",,,,,1,29,0,0,,,,,0,,,255,Deler og tilbehør,,,,,,,,,,,,,,,,,,,,,,,,,
61,,,DROP PANEL #61125,1,,visible,,oppdatert 9/22,,,,,1,,0,0,,,,,0,,,435,Deler og tilbehør,,,,,,,,,,,,,,,,,,,,,,,,,
535,,,DRYPPESKÅL TIL CAB SLUSHMASKIN/SORT/ #GV2MODN,1,,visible,,,,,,,1,8,0,0,,,,,0,,,278,Deler Slushmaskiner,,,,,,,,,,,,,,,,,,,,,,,,,
236,,,DUO BEGER 250 STK.,1,,visible,,,,,,,1,142,0,0,12,,,,0,,,1091,Popcorn tilbehør,,,,,,,,,,,,,,,,,,,,,,,,,
226,,,DØRER TIL POPCORNMASKIN  PR.STK,1,,visible,,,,,,,1,10,0,0,,,,,0,,,280,Deler og tilbehør,,,,,,,,,,,,,,,,,,,,,,,,,
338,,,ECO POPCORNPOSER /1000 STK/ 0.7L/32 OZ,1,,visible,,11/12,,,,,1,,0,0,,,,,0,,,1390,Popcorn tilbehør,,,,,,,,,,,,,,,,,,,,,,,,,
334,,,ECO POPCORNPOSER /1000 STK/ 1.4L/46 OZ,1,,visible,,11/12,,,,,1,1,0,0,8,,,,0,,,1550,Popcorn tilbehør,,,,,,,,,,,,,,,,,,,,,,,,,
335,,,ECO POPCORNPOSER /500 STK/ 2.5L/85 OZ,1,,visible,,11/12,,,,,1,18,0,0,8,,,,0,,,995,Popcorn tilbehør,,,,,,,,,,,,,,,,,,,,,,,,,
337,,,ECO POPCORNPOSER /500 STK/ 4.0L/130 OZ,1,,visible,,11/12,,,,,1,30,0,0,8,,,,0,,,1350,Popcorn tilbehør,,,,,,,,,,,,,,,,,,,,,,,,,
153,,,ECONO FLOSS #3017‐01‐000,1,,visible,,11/12,,,,,1,,0,0,14.5,,,,0,,,14500,Sukkerspinnmaskiner,,,,,,,,,,,,,,,,,,,,,,,,,
118,,,ECONO-POP 14OZ #2121EX,1,,visible,,11/22,,,,,1,,0,0,42,,,,0,,,18000,Popcornmaskiner,,,,,,,,,,,,,,,,,,,,,,,,,
358,,,EMBALLASJE/PALL,1,,visible,,,,,,,1,,0,0,,,,,0,,,60,Diverse,,,,,,,,,,,,,,,,,,,,,,,,,
177,,,EMOJI/40G/96 STK.,1,,visible,,,,,,,1,136,0,0,4,,,,0,,,742,Kjærligheter,,,,,,,,,,,,,,,,,,,,,,,,,
166,,,EUROPALL VARMEBEHANDLET,1,,visible,,,,,,,1,,0,0,,,,,0,,,125,Diverse,,,,,,,,,,,,,,,,,,,,,,,,,
464,,,FILLER FUNNEL #2151,1,,visible,,,,,,,1,,0,0,,,,,0,,,550,Deler og tilbehør,,,,,,,,,,,,,,,,,,,,,,,,,
601,,,Filter (5 lags oljefilter) til Pop-O-Gold #41250,1,,visible,,Priser inn/ut oppdatert 9/22,,,,,1,7,0,0,,,,,0,,,645,Deler og tilbehør,,,,,,,,,,,,,,,,,,,,,,,,,
673,,,Filter til Citation 16 oz. ,1,,visible,,Filter inmnvendig i taket på Citation. Skal vaskes daglig/ukentlig ved bruk.,,,,,1,4,0,0,,,,,0,,,629,Deler og tilbehør,,,,,,,,,,,,,,,,,,,,,,,,,
491,,,FJÆR TIL TORNADO #20006,1,,visible,,oppdatert 9/22,,,,,1,16,0,0,,,,,0,,,185,Deler og tilbehør,,,,,,,,,,,,,,,,,,,,,,,,,
574,,,FJØR TIL TAPPEKRAN/SKYLINE,1,,visible,,,,,,,1,19,0,0,,,,,0,,,107,Deler Slushmaskiner,,,,,,,,,,,,,,,,,,,,,,,,,
566,,,FLASKE TIL VAFFELRØRE ,1,,visible,,,,,,,1,8,0,0,0.86,,,,0,,,93,Vafler maskiner og utstyr,,,,,,,,,,,,,,,,,,,,,,,,,
435,,,FLAV-ROTATE POPCORN MIXER/20L/#2349EX,1,,visible,,,,,,,1,2,0,0,10,,,,0,,,3750,Popcornmaskiner,,,,,,,,,,,,,,,,,,,,,,,,,
704,,,Flexi,1,,visible,,Produkt opprettet for arbeidstype,,,,,1,,0,0,,,,,0,,,,Produkter for arbeidstyper,,,,,,,,,,,,,,,,,,,,,,,,,
705,,,Flexi,1,,visible,,Produkt opprettet for arbeidstype,,,,,1,,0,0,,,,,0,,,,Produkter for arbeidstyper,,,,,,,,,,,,,,,,,,,,,,,,,
63,,,FLOSS BAND (HUS TUL V.E) WIRLWIND 5 IN DBL #42213,1,,hidden,,oppdatert 9/22,,,,,1,2,0,0,,,,,0,,,2650,Deler og tilbehør,,,,,,,,,,,,,,,,,,,,,,,,,
64,,,FLOSS BAND (HUS) FLOSS/ECONO 5IN #43165,1,,visible,,oppdatert 9/22,,,,,1,5,0,0,,,,,0,,,2330,Deler og tilbehør,,,,,,,,,,,,,,,,,,,,,,,,,
62,,,FLOSS BAND (HUS) TORNADO 7IN #42214,1,,visible,,oppdatert 9/22,,,,,1,6,0,0,,,,,0,,,2900,Deler og tilbehør,,,,,,,,,,,,,,,,,,,,,,,,,
146,,,FLOSSIN BLÅ #3453,1,,visible,,"11/12
1 boks flossine holder til ca. 4000-5000 sukkerspinn.
Bruksanvsining: 1 spiseskje (ca. 6 gram) til 5 kg. sukker.",,,,,1,121,0,0,0.5,,,,0,,,295,Sukkerspinn tilbehør mat,,,,,,,,,,,,,,,,,,,,,,,,,
580,,,FLOSSIN GRØNN #3470,1,,visible,,"11/12
1 boks flossine holder til ca. 4000-5000 sukkerspinn.
Bruksanvsining: 1 spiseskje (ca. 6 gram) til 5 kg. sukker.",,,,,1,23,0,0,0.5,,,,0,,,295,Sukkerspinn tilbehør mat,,,,,,,,,,,,,,,,,,,,,,,,,
263,,,FLOSSIN GUL #3462,1,,visible,,"11/12
1 boks flossine holder til ca. 4000-5000 sukkerspinn.
Bruksanvsining: 1 spiseskje (ca. 6 gram) til 5 kg. sukker.",,,,,1,34,0,0,0.5,,,,0,,,295,Sukkerspinn tilbehør mat,,,,,,,,,,,,,,,,,,,,,,,,,
147,,,FLOSSIN ROSA #3454,1,,visible,,"11/12
1 boks flossine holder til ca. 4000-5000 sukkerspinn.
Bruksanvsining: 1 spiseskje (ca. 6 gram) til 5 kg. sukker.",,,,,1,95,0,0,0.5,,,,0,,,295,Sukkerspinn tilbehør mat,,,,,,,,,,,,,,,,,,,,,,,,,
615,,,Forseglingsring (enden av rørepinne/kolbe)/#F022/1,1,,visible,,Sealing ring,,,,,1,10,0,0,,,,,0,,,79,Deler Slushmaskiner,,,,,,,,,,,,,,,,,,,,,,,,,
622,,,Fotballsnacks Bacon/25 stk./75g,1,,visible,,,,,,,1,,0,0,,,,,0,,,173,Snacks,,,,,,,,,,,,,,,,,,,,,,,,,
623,,,Fotballsnacks Paprika/25 stk./75g.,1,,visible,,,,,,,1,,0,0,,,,,0,,,173,Snacks,,,,,,,,,,,,,,,,,,,,,,,,,
388,,,FRAKT LEVERING,1,,visible,,,,,,,1,,0,0,,,,,0,,,390,Diverse,,,,,,,,,,,,,,,,,,,,,,,,,
229,,,FRAKTOMKOSTNINGER,1,,visible,,,,,,,1,,0,0,,,,,0,,,,Diverse,,,,,,,,,,,,,,,,,,,,,,,,,
93,,,FREE-N-EASY # 2250,1,,visible,,Stk.pris pr. flaske. Kartong á 12 stk.,,,,,1,56,0,0,,,,,0,,,149,Diverse,,,,,,,,,,,,,,,,,,,,,,,,,
671,,,Fronetikett Cherry Punch,1,,visible,,,,,,,1,40,0,0,,,,,0,,,10,Slush tilbehør,,,,,,,,,,,,,,,,,,,,,,,,,
686,,,Frontetikett Appelsin,1,,visible,,,,,,,1,39,0,0,,,,,0,,,10,Slush tilbehør,,,,,,,,,,,,,,,,,,,,,,,,,
678,,,Frontetikett Blå Bringebær,1,,visible,,,,,,,1,90,0,0,,,,,0,,,10,Slush tilbehør,,,,,,,,,,,,,,,,,,,,,,,,,
688,,,Frontetikett Champagne,1,,visible,,,,,,,1,45,0,0,,,,,0,,,10,Slush tilbehør,,,,,,,,,,,,,,,,,,,,,,,,,
676,,,Frontetikett Cherry Punch,1,,visible,,,,,,,1,40,0,0,,,,,0,,,10,Slush tilbehør,,,,,,,,,,,,,,,,,,,,,,,,,
690,,,Frontetikett Cola,1,,visible,,,,,,,1,95,0,0,,,,,0,,,10,Slush tilbehør,,,,,,,,,,,,,,,,,,,,,,,,,
669,,,Frontetikett Cotton Candy,1,,visible,,,,,,,1,40,0,0,,,,,0,,,10,Slush tilbehør,,,,,,,,,,,,,,,,,,,,,,,,,
680,,,Frontetikett Grønt Eple,1,,visible,,,,,,,1,39,0,0,,,,,0,,,10,Slush tilbehør,,,,,,,,,,,,,,,,,,,,,,,,,
674,,,Frontetikett Jordbær,1,,visible,,,,,,,1,89,0,0,,,,,0,,,10,Slush tilbehør,,,,,,,,,,,,,,,,,,,,,,,,,
684,,,Frontetikett Mango,1,,visible,,,,,,,1,40,0,0,,,,,0,,,10,Slush tilbehør,,,,,,,,,,,,,,,,,,,,,,,,,
682,,,Frontetikett Søt Sitron,1,,visible,,,,,,,1,40,0,0,,,,,0,,,10,Slush tilbehør,,,,,,,,,,,,,,,,,,,,,,,,,
179,,,FRUKT SMOKK M/MOBILBÅND/50G/ 72 STK,1,,visible,,HUNDERFOSSEN ,,,,,1,,0,0,,,,,0,,,1183,Kjærligheter,,,,,,,,,,,,,,,,,,,,,,,,,
413,,,FRUKTSMOKK /HOT LIPS/50G/ 120 STK,1,,hidden,,,,,,,1,,0,0,,,,,0,,,1800,Obsolete,,,,,,,,,,,,,,,,,,,,,,,,,
411,,,FRUKTSMOKK HUNDERFOSSEN/50G/ 72 STK,1,,visible,,,,,,,1,86,0,0,4,,,,0,,,1159,Kjærligheter,,,,,,,,,,,,,,,,,,,,,,,,,
180,,,FRUKTSMOKK M/SNOR/50G/ 120 STK.,1,,visible,,,,,,,1,335,0,0,6.5,,,,0,,,999,Kjærligheter,,,,,,,,,,,,,,,,,,,,,,,,,
120,,,FUN POP 4OZ #2404 RØD,1,,visible,,11/22,,,,,1,1,0,0,21.3,,,,0,,,7200,Popcornmaskiner,,,,,,,,,,,,,,,,,,,,,,,,,
471,,,FUN POP 4OZ SORT,1,,visible,,11/22,,,,,1,3,0,0,21.3,,,,0,,,7200,Popcornmaskiner,,,,,,,,,,,,,,,,,,,,,,,,,
122,,,FUN POP 8 OZ BLACK AND GOLD #2408BKGX,1,,visible,,11/22,,,,,1,7,0,0,25,,,,0,,,8900,Popcornmaskiner,,,,,,,,,,,,,,,,,,,,,,,,,
363,,,FUN POP 8 OZ RED #24008EX,1,,visible,,11/22,,,,,1,,0,0,25,,,,0,,,8900,Popcornmaskiner,,,,,,,,,,,,,,,,,,,,,,,,,
586,,,FunPop8-pakke,1,,visible,,,,,,,1,,0,0,,,,,0,,,8990,Diverse,,,,,,,,,,,,,,,,,,,,,,,,,
707,,,Gaffel til vaffel,1,,visible,,,,,,,1,2,0,0,,,,,0,,,490,Vafler maskiner og utstyr,,,,,,,,,,,,,,,,,,,,,,,,,
65,,,GIR BOX W/BRUSHING  #47065,1,,visible,,,,,,,1,,0,0,,,,,0,,,220,Deler og tilbehør,,,,,,,,,,,,,,,,,,,,,,,,,
364,,,GREEN TOP 12 OZ #2214,1,,visible,,11/22,,,,,1,3,0,0,38.5,,,,0,,,15900,Popcornmaskiner,,,,,,,,,,,,,,,,,,,,,,,,,
37,,,GULE SEKKER 120L STK.,1,,visible,,15 stk. pr. bunt,,,,,1,5325,0,0,,,,,0,,,12,Diverse,,,,,,,,,,,,,,,,,,,,,,,,,
610,,,Gulvdisplay til Popcorn /#2023,1,,visible,,oppdatert 9/22,,,,,1,8,0,0,,,,,0,,,650,Deler og tilbehør,,,,,,,,,,,,,,,,,,,,,,,,,
521,,,GULVSTATIV SUKKERSPINN #3211,1,,visible,,,,,,,1,3,0,0,3.5,,,,0,,,750,Sukkerspinn tilbehør,,,,,,,,,,,,,,,,,,,,,,,,,
524,,,HAPPY FRIDAY / MOVIEMIX BBQ / 25x90g,1,,visible,,,,,,,1,,0,0,2.25,,,,0,,,150,Snacks,,,,,,,,,,,,,,,,,,,,,,,,,
523,,,HAPPY FRIDAY / SALTY TWISTER / 25x90g,1,,visible,,,,,,,1,,0,0,2.25,,,,0,,,150,Snacks,,,,,,,,,,,,,,,,,,,,,,,,,
522,,,HAPPY FRIDAY / TASTY BACON / 25x90g,1,,visible,,,,,,,1,,0,0,2.25,,,,0,,,150,Snacks,,,,,,,,,,,,,,,,,,,,,,,,,
542,,,HENGSELSETT CITATION/PR STK/#47055,1,,visible,,"oppdatert 9/22
Kun en side, høyre eller venstre. Samme pris på begge sider.
Inkludert knott.",,,,,1,,0,0,,,,,0,,,365,Deler og tilbehør,,,,,,,,,,,,,,,,,,,,,,,,,
227,,,HENGSLER M/KNOTTER/PR.STK /#61380,1,,visible,,oppdatert 9/22,,,,,1,6,0,0,,,,,0,,,465,Deler og tilbehør,,,,,,,,,,,,,,,,,,,,,,,,,
317,,,History - BACONSNACKS BEGER/RUND/500 STK.  80G  for lite belastet,1,,visible,,,,,,,1,,0,0,,,,,0,,,,Obsolete,,,,,,,,,,,,,,,,,,,,,,,,,
289,,,History - DARK SWEET CHOCOLADE #5372,1,,visible,,,,,,,1,,0,0,,,,,0,,,,Obsolete,,,,,,,,,,,,,,,,,,,,,,,,,
288,,,History - FLAVOR GREEN APPLE #2294,1,,visible,,,,,,,1,,0,0,,,,,0,,,,Obsolete,,,,,,,,,,,,,,,,,,,,,,,,,
287,,,History - FLAVOR MIX REDCINNAMON # 2286,1,,visible,,,,,,,1,,0,0,,,,,0,,,,Obsolete,,,,,,,,,,,,,,,,,,,,,,,,,
305,,,History - HAPPY FRIDAYS BBQ MOVIEMIX STK,1,,visible,,,,,,,1,,0,0,,,,,0,,,,Obsolete,,,,,,,,,,,,,,,,,,,,,,,,,
300,,,History - HAPPY FRIDAYS BBQ MOVIEMIX/25 STK/90G-O/4502338593,1,,visible,,,,,,,1,,0,0,,,,,0,,,,Obsolete,,,,,,,,,,,,,,,,,,,,,,,,,
306,,,History - HAPPY FRIDAYS MEXDIPS CHEESE STK,1,,hidden,,,,,,,1,,0,0,,,,,0,,,,Obsolete,,,,,,,,,,,,,,,,,,,,,,,,,
301,,,History - HAPPY FRIDAYS MEXDIPS CHEESE/12krt,1,,visible,,,,,,,1,,0,0,,,,,0,,,,Obsolete,,,,,,,,,,,,,,,,,,,,,,,,,
303,,,History - HAPPY FRIDAYS SALTE TWISTER STK,1,,visible,,,,,,,1,,0,0,,,,,0,,,,Obsolete,,,,,,,,,,,,,,,,,,,,,,,,,
298,,,History - HAPPY FRIDAYS SALTE TWISTER/25 STK/90G -O/4502338593,1,,visible,,,,,,,1,,0,0,,,,,0,,,,Obsolete,,,,,,,,,,,,,,,,,,,,,,,,,
304,,,History - HAPPY FRIDAYS TASTY BACONS STK,1,,visible,,,,,,,1,,0,0,,,,,0,,,,Obsolete,,,,,,,,,,,,,,,,,,,,,,,,,
299,,,History - HAPPY FRIDAYS TASTY BACONS/25 STK/90G,1,,visible,,,,,,,1,,0,0,,,,,0,,,,Obsolete,,,,,,,,,,,,,,,,,,,,,,,,,
278,,,History - HONEY MUSTARD SAVORY #2376,1,,visible,,,,,,,1,,0,0,,,,,0,,,,Obsolete,,,,,,,,,,,,,,,,,,,,,,,,,
284,,,History - HOT CINNAMON #2469,1,,visible,,,,,,,1,,0,0,,,,,0,,,,Obsolete,,,,,,,,,,,,,,,,,,,,,,,,,
295,,,History - JOE&SEPHS CHEDDAR CHEESE POPCORN 90G,1,,visible,,,,,,,1,,0,0,,,,,0,,,,Obsolete,,,,,,,,,,,,,,,,,,,,,,,,,
296,,,History - JOE&SEPHS SALTED CARAMEL POPCORN 90G,1,,visible,,,,,,,1,,0,0,,,,,0,,,,Obsolete,,,,,,,,,,,,,,,,,,,,,,,,,
297,,,History - JOE&SEPHS TOFFEE CINNAMON APPLE POPCORN 80G,1,,visible,,,,,,,1,,0,0,,,,,0,,,,Obsolete,,,,,,,,,,,,,,,,,,,,,,,,,
286,,,History - KJÆRLIGHET MED BRUSPULVER  150 STK,1,,visible,,,,,,,1,,0,0,,,,,0,,,,Obsolete,,,,,,,,,,,,,,,,,,,,,,,,,
290,,,History - MILK CHOCOLATE #5371,1,,visible,,,,,,,1,,0,0,,,,,0,,,,Obsolete,,,,,,,,,,,,,,,,,,,,,,,,,
281,,,History - NACHO CHEESE MIX # 2367,1,,visible,,,,,,,1,,0,0,,,,,0,,,,Obsolete,,,,,,,,,,,,,,,,,,,,,,,,,
321,,,History - PINK STICK BRUSPULVERRØR  80 stk.,1,,visible,,,,,,,1,,0,0,,,,,0,,,,Obsolete,,,,,,,,,,,,,,,,,,,,,,,,,
275,,,History - PLATINUM WHITE CHEDDAR  #2326,1,,visible,,,,,,,1,,0,0,,,,,0,,,,Obsolete,,,,,,,,,,,,,,,,,,,,,,,,,
291,,,History - PORSJONSFETT 96 STK - MÅ BRUKE 2 POSER VED POPPING,1,,visible,,,,,,,1,,0,0,,,,,0,,,,Obsolete,,,,,,,,,,,,,,,,,,,,,,,,,
292,,,History - POSER 1000 STK,1,,visible,,,,,,,1,,0,0,,,,,0,,,,Obsolete,,,,,,,,,,,,,,,,,,,,,,,,,
274,,,History - PREMIUM CHEDDAR PURE GOLD #2328,1,,visible,,,,,,,1,,0,0,,,,,0,,,,Obsolete,,,,,,,,,,,,,,,,,,,,,,,,,
283,,,History - RED 3 CORN TREAT COLOR #2309,1,,visible,,,,,,,1,,0,0,,,,,0,,,,Obsolete,,,,,,,,,,,,,,,,,,,,,,,,,
320,,,History - RÅVARER,1,,visible,,,,,,,1,,0,0,,,,,0,,,,Obsolete,,,,,,,,,,,,,,,,,,,,,,,,,
313,,,History - SITRONMIX/40G/144 STK.,1,,visible,,,,,,,1,,0,0,,,,,0,,,,Obsolete,,,,,,,,,,,,,,,,,,,,,,,,,
310,,,History - SLUSH BRINGEBÆR 10L,1,,visible,,,,,,,1,,0,0,,,,,0,,,,Obsolete,,,,,,,,,,,,,,,,,,,,,,,,,
311,,,History - SLUSH EPLE 10 L,1,,visible,,,,,,,1,,0,0,,,,,0,,,,Obsolete,,,,,,,,,,,,,,,,,,,,,,,,,
309,,,History - SLUSH GRØNN EPLE 10L,1,,visible,,,,,,,1,,0,0,,,,,0,,,,Obsolete,,,,,,,,,,,,,,,,,,,,,,,,,
316,,,History - SLUSH MASKIN CAB 3 KAMMER - brukt,1,,hidden,,,,,,,1,,0,0,,,,,0,,,,Obsolete,,,,,,,,,,,,,,,,,,,,,,,,,
308,,,History - SLUSH TUTTI FRUTTI  10L,1,,visible,,,,,,,1,,0,0,,,,,0,,,,Obsolete,,,,,,,,,,,,,,,,,,,,,,,,,
307,,,History - SLUSH TUTTIFRUTTI BLÅ 10L  LEVERES OSLO,1,,visible,,,,,,,1,,0,0,,,,,0,,,,Obsolete,,,,,,,,,,,,,,,,,,,,,,,,,
318,,,History - SLUSH TUTTIFRUTTI/ROSA 5 LITER  - 50 % RABATT,1,,visible,,,,,,,1,,0,0,,,,,0,,,,Obsolete,,,,,,,,,,,,,,,,,,,,,,,,,
315,,,History - SLUSHMASKIN CAB 3 KAMMER,1,,visible,,,,,,,1,,0,0,,,,,0,,,,Obsolete,,,,,,,,,,,,,,,,,,,,,,,,,
282,,,"History - SOUR CREAM  &  ONION  7,2 KG",1,,visible,,,,,,,1,,0,0,,,,,0,,,,Obsolete,,,,,,,,,,,,,,,,,,,,,,,,,
294,,,History - SOUR CREAM & ONION SNACKS - ikke belastet,1,,visible,,,,,,,1,,0,0,,,,,0,,,,Obsolete,,,,,,,,,,,,,,,,,,,,,,,,,
280,,,History - SPIRELLO STOR 120 GR. 4X16 STK,1,,visible,,,,,,,1,,0,0,,,,,0,,,,Obsolete,,,,,,,,,,,,,,,,,,,,,,,,,
285,,,History - STRAWBERRY CORN TREAT #2465,1,,visible,,,,,,,1,,0,0,,,,,0,,,,Obsolete,,,,,,,,,,,,,,,,,,,,,,,,,
276,,,History - STØTTEBEIN,1,,visible,,,,,,,1,,0,0,,,,,0,,,,Obsolete,,,,,,,,,,,,,,,,,,,,,,,,,
312,,,History - SUKKERSPINN,1,,visible,,,,,,,1,,0,0,,,,,0,,,,Obsolete,,,,,,,,,,,,,,,,,,,,,,,,,
319,,,"History - TROPISK 0,2  DL  SAFT/JUICE",1,,visible,,,,,,,1,,0,0,,,,,0,,,,Obsolete,,,,,,,,,,,,,,,,,,,,,,,,,
279,,,History - TWISTER STOR 120 GR.4X12 STK,1,,visible,,,,,,,1,,0,0,,,,,0,,,,Obsolete,,,,,,,,,,,,,,,,,,,,,,,,,
322,,,History - VAREBIL DL65732,1,,visible,,,,,,,1,,0,0,,,,,0,,,,Obsolete,,,,,,,,,,,,,,,,,,,,,,,,,
293,,,History - VARMESKAP NACHOS/BACONSNACKS,1,,visible,,,,,,,1,,0,0,,,,,0,,,,Obsolete,,,,,,,,,,,,,,,,,,,,,,,,,
302,,,History - WENO NØTTEMIX NATURELL 400G,1,,visible,,,,,,,1,,0,0,,,,,0,,,,Obsolete,,,,,,,,,,,,,,,,,,,,,,,,,
277,,,History - WHITE CHEDDAR SAVORY BULK #2380,1,,visible,,,,,,,1,,0,0,,,,,0,,,,Obsolete,,,,,,,,,,,,,,,,,,,,,,,,,
314,,,History - ØKOLOGISK SUKKER 25 KG,1,,visible,,,,,,,1,,0,0,,,,,0,,,,Obsolete,,,,,,,,,,,,,,,,,,,,,,,,,
581,,,"Hjul til understell /blankt/20""",1,,visible,,"oppdatert 9/22
Hjul til understell rustfritt stål",,,,,1,,0,0,,,,,0,,,1215,Deler og tilbehør,,,,,,,,,,,,,,,,,,,,,,,,,
559,,,HOLDER TIL KREMMERHUS,1,,visible,,,,,,,1,3,0,0,0.8,,,,0,,,259,Vafler maskiner og utstyr,,,,,,,,,,,,,,,,,,,,,,,,,
187,,,I LOVE YOU/50G/96 STK,1,,visible,, ,,,,,1,146,0,0,5,,,,0,,,893,Kjærligheter,,,,,,,,,,,,,,,,,,,,,,,,,
697,,,Innerkjele EconoPop 14oz,1,,visible,,Varmeelement ,,,,,1,1,0,0,,,,,0,,,5700,Deler og tilbehør,,,,,,,,,,,,,,,,,,,,,,,,,
86,,,Innerkjele/Varmeelement Funpop 4/54027EX,1,,visible,,Oppdatert 12/22,,,,,1,3,0,0,,,,,0,,,769,Deler og tilbehør,,,,,,,,,,,,,,,,,,,,,,,,,
642,,,Innerkjele/Varmeelement FunPop 8oz/#58008EX,1,,visible,,,,,,,1,2,0,0,,,,,0,,,2200,Deler og tilbehør,,,,,,,,,,,,,,,,,,,,,,,,,
544,,,INNERPOSE POPCORN/TRASP./100 STK/165L,1,,visible,,"843 SEK + Frakt: 40,- pr. krt.",,,,,1,,0,0,,,,,0,,,965,Diverse,,,,,,,,,,,,,,,,,,,,,,,,,
66,,,KABEL STOCK /FUN POP 4OZ /#54028EX,1,,hidden,,Oppdatert 9/22,,,,,1,,0,0,,,,,0,,,1845,Deler og tilbehør,,,,,,,,,,,,,,,,,,,,,,,,,
649,,,Kamellort 80g pose / 18 stk.,1,,visible,,,,,,,1,,0,0,1.5,,,,0,,,243,Diverse Godteri,,,,,,,,,,,,,,,,,,,,,,,,,
572,,,KAMMER 10 LITER,1,,visible,,,,,,,1,1,0,0,,,,,0,,,1045,Deler Slushmaskiner,,,,,,,,,,,,,,,,,,,,,,,,,
237,,,KARAMELL POPCORN 15 LITER,1,,visible,,"Popcorn: 187,5 Bøtte: 14,28",,,,,1,,0,0,,,,,0,,,452,Popcorn tilbehør mat,,,,,,,,,,,,,,,,,,,,,,,,,
532,,,KARAMELL POPCORN 60 LITER / 9 KG,1,,visible,,Aug-22,,,,,1,,0,0,9,,,,0,,,1292,Popcorn tilbehør mat,,,,,,,,,,,,,,,,,,,,,,,,,
621,,,Karamellmix Popcorn 60L,1,,visible,,,,,,,1,,0,0,,,,,0,,,1024,Popcorn tilbehør mat,,,,,,,,,,,,,,,,,,,,,,,,,
405,,,KJEDEBONUS,1,,visible,,,,,,,1,,0,0,,,,,0,,,,Diverse,,,,,,,,,,,,,,,,,,,,,,,,,
398,,,KJELE APPLE COOKER #38236,1,,visible,,Oppdatert 9/22,,,,,1,,0,0,,,,,0,,,1185,Deler og tilbehør,,,,,,,,,,,,,,,,,,,,,,,,,
96,,,KOKOSFETT 15 KG #2652,1,,visible,,11/12,,,,,1,122,0,0,15,,,,0,,,1670,Popcorn tilbehør mat,,,,,,,,,,,,,,,,,,,,,,,,,
97,,,KOKOSFETT 22.7 KG SPANN #2041,1,,visible,,11/12,,,,,1,44,0,0,25,,,,0,,,1890,Popcorn tilbehør mat,,,,,,,,,,,,,,,,,,,,,,,,,
354,,,KOKOSFETT DELFIA 2 KG,1,,visible,,,,,,,1,,0,0,,,,,0,,,210,Popcorn tilbehør mat,,,,,,,,,,,,,,,,,,,,,,,,,
248,,,"KONFERANSEBEGER POPCORN/BRETTE/ 500 STK 0,7L",1,,visible,,11/12,,,,,1,29,0,0,10,,,,0,,,1295,Popcorn tilbehør,,,,,,,,,,,,,,,,,,,,,,,,,
448,,,KONTAKT 12 OZ (HUNN)#47327,1,,visible,,Oppdatert 9/22,,,,,1,3,0,0,,,,,0,,,695,Deler og tilbehør,,,,,,,,,,,,,,,,,,,,,,,,,
98,,,KREMMERHUS / 2500 STK. 0.7L/ #2067,1,,visible,,11/12,,,,,1,38,0,0,14,,,,0,,,1998,Popcorn tilbehør,,,,,,,,,,,,,,,,,,,,,,,,,
477,,,KREMMERHUS CHURROS /1000 STK.,1,,visible,,,,,,,1,,0,0,,,,,0,,,1000,Diverse,,,,,,,,,,,,,,,,,,,,,,,,,
558,,,KREMMERHUS TIL VAFFEL / 1000 STK.,1,,visible,,,,,,,1,4,0,0,5.2,,,,0,,,881,Vafler maskiner og utstyr,,,,,,,,,,,,,,,,,,,,,,,,,
407,,,Kretskort FlossBoss/EconoFloss/#55260,1,,visible,,Oppdatert 9/22,,,,,1,,0,0,,,,,0,,,2995,Deler og tilbehør,,,,,,,,,,,,,,,,,,,,,,,,,
100,,,KRYDDER RANCH 550G #2384S,1,,visible,,,,,,,1,,0,0,,,,,0,,,175,Popcorn tilbehør mat,,,,,,,,,,,,,,,,,,,,,,,,,
101,,,KRYDDER SOUR CREAM/CHIVES 550 G #2351S,1,,visible,,,,,,,1,,0,0,,,,,0,,,175,Popcorn tilbehør mat,,,,,,,,,,,,,,,,,,,,,,,,,
102,,,KRYDDER WHITE CHEDDAR  550 G #2383S,1,,visible,,,,,,,1,,0,0,,,,,0,,,175,Popcorn tilbehør mat,,,,,,,,,,,,,,,,,,,,,,,,,
103,,,KRYDDERSALT 1 KG #2500,1,,visible,,11/12,,,,,1,2388,0,0,1,,,,0,,,58,Popcorn tilbehør mat,,,,,,,,,,,,,,,,,,,,,,,,,
104,,,KRYDDERSALT 22.7 KG #2501,1,,visible,,11/12,,,,,1,12,0,0,22.7,,,,0,,,850,Popcorn tilbehør mat,,,,,,,,,,,,,,,,,,,,,,,,,
643,,,Kullstift til Tornado,1,,visible,,,,,,,1,13,0,0,,,,,0,,,120,Deler og tilbehør,,,,,,,,,,,,,,,,,,,,,,,,,
641,,,Lager til rørepinne popcornkjele/#47106,1,,visible,,,,,,,1,15,0,0,,,,,0,,,187,Deler og tilbehør,,,,,,,,,,,,,,,,,,,,,,,,,
266,,,LAKRIS / SUKKERSPINNSPOSE BLANK  #3064,1,,visible,,11/22,,,,,1,31,0,0,7.5,,,,0,,,990,Sukkerspinn tilbehør,,,,,,,,,,,,,,,,,,,,,,,,,
668,,,Lakris Apevrål,1,,hidden,,,,,,,1,20,0,0,,,,,0,,,520,Lakris,,,,,,,,,,,,,,,,,,,,,,,,,
4,,,LAKRIS BLÅBÆR/ 60 STK.,1,,visible,,,,,,,1,,0,0,5.4,,,,0,,,520,Lakris,,,,,,,,,,,,,,,,,,,,,,,,,
5,,,LAKRIS COLA/ 60 STK.,1,,visible,,22/5,,,,,1,36,0,0,5.4,,,,0,,,520,Lakris,,,,,,,,,,,,,,,,,,,,,,,,,
6,,,LAKRIS ENERGY /60 STK.,1,,visible,,,,,,,1,,0,0,,,,,0,,,520,Lakris,,,,,,,,,,,,,,,,,,,,,,,,,
7,,,LAKRIS EPLE/60 STK.,1,,visible,,,,,,,1,,0,0,,,,,0,,,520,Lakris,,,,,,,,,,,,,,,,,,,,,,,,,
8,,,LAKRIS HEKSEHYL/60 STK,1,,visible,,,,,,,1,,0,0,5.4,,,,0,,,520,Lakris,,,,,,,,,,,,,,,,,,,,,,,,,
9,,,LAKRIS JORDBÆR/60 STK.,1,,visible,,22/5,,,,,1,42,0,0,5.4,,,,0,,,520,Lakris,,,,,,,,,,,,,,,,,,,,,,,,,
550,,,LAKRIS KOKOS/ 60 STK.,1,,visible,,22/5,,,,,1,14,0,0,5.4,,,,0,,,520,Lakris,,,,,,,,,,,,,,,,,,,,,,,,,
548,,,LAKRIS MANGO/ 60 STK.,1,,visible,,22/5,,,,,1,14,0,0,5.4,,,,0,,,520,Lakris,,,,,,,,,,,,,,,,,,,,,,,,,
12,,,LAKRIS MELON/60 STK.,1,,visible,,22/5,,,,,1,2,0,0,5.4,,,,0,,,520,Lakris,,,,,,,,,,,,,,,,,,,,,,,,,
13,,,LAKRIS MINT/LAKRIS/60 STK.,1,,visible,,Oppdatert mai 2023,,,,,1,11,0,0,,,,,0,,,520,Lakris,,,,,,,,,,,,,,,,,,,,,,,,,
425,,,LAKRIS RØD TUTTIFRUTTI/60 STK,1,,visible,,,,,,,1,,0,0,,,,,0,,,520,Lakris,,,,,,,,,,,,,,,,,,,,,,,,,
15,,,LAKRIS SALT/60 STK.,1,,visible,,22/5,,,,,1,8,0,0,5.4,,,,0,,,520,Lakris,,,,,,,,,,,,,,,,,,,,,,,,,
19,,,LAKRIS STATIV,1,,visible,,,,,,,1,8,0,0,,,,,0,,,2700,Diverse,,,,,,,,,,,,,,,,,,,,,,,,,
547,,,LAKRIS SUPERSALT/ 60 STK.,1,,visible,,SJEKK INNPRIS! Nytt produkt lagt inn 3/11-21,,,,,1,-4,0,0,5.4,,,,0,,,520,Lakris,,,,,,,,,,,,,,,,,,,,,,,,,
22,,,LAKRIS SUR BLÅBÆR/60 STK.,1,,visible,,22/5,,,,,1,36,0,0,5.4,,,,0,,,520,Lakris,,,,,,,,,,,,,,,,,,,,,,,,,
23,,,LAKRIS SUR BRINGEBÆR/60 STK.,1,,visible,,22/5,,,,,1,39,0,0,5.4,,,,0,,,520,Lakris,,,,,,,,,,,,,,,,,,,,,,,,,
418,,,LAKRIS SUR BUBBLEGUM/60 STK,1,,visible,,,,,,,1,,0,0,,,,,0,,,520,Lakris,,,,,,,,,,,,,,,,,,,,,,,,,
25,,,LAKRIS SUR COLA /60 STK.,1,,visible,,22/5,,,,,1,35,0,0,5.4,,,,0,,,520,Lakris,,,,,,,,,,,,,,,,,,,,,,,,,
26,,,LAKRIS SUR EPLE/60 STK,1,,visible,,22/5,,,,,1,-1,0,0,5.4,,,,0,,,520,Lakris,,,,,,,,,,,,,,,,,,,,,,,,,
417,,,LAKRIS SUR FERSKEN/60 STK,1,,visible,,,,,,,1,,0,0,,,,,0,,,520,Lakris,,,,,,,,,,,,,,,,,,,,,,,,,
27,,,LAKRIS SUR JORDBÆR/60 STK.,1,,visible,,22/5,,,,,1,87,0,0,5.4,,,,0,,,520,Lakris,,,,,,,,,,,,,,,,,,,,,,,,,
518,,,LAKRIS SUR KIRSEBÆR/60 STK,1,,visible,,,,,,,1,,0,0,,,,,0,,,520,Lakris,,,,,,,,,,,,,,,,,,,,,,,,,
28,,,LAKRIS SUR MELON /60 STK.,1,,visible,,22/5,,,,,1,38,0,0,5.4,,,,0,,,520,Lakris,,,,,,,,,,,,,,,,,,,,,,,,,
517,,,LAKRIS SUR PIGGELIN/60 STK,1,,visible,,22/5,,,,,1,26,0,0,,,,,0,,,520,Lakris,,,,,,,,,,,,,,,,,,,,,,,,,
30,,,LAKRIS SUR TUTTIFRUTTI/ 60 STK.,1,,hidden,,22/5,,,,,1,72,0,0,5.4,,,,0,,,520,Lakris,,,,,,,,,,,,,,,,,,,,,,,,,
31,,,LAKRIS SØT/ 60 STK.,1,,visible,,22/5,,,,,1,9,0,0,5.4,,,,0,,,520,Lakris,,,,,,,,,,,,,,,,,,,,,,,,,
32,,,LAKRIS TUTTIFRUTTI/60 STK.,1,,visible,,22/5,,,,,1,44,0,0,5.4,,,,0,,,520,Lakris,,,,,,,,,,,,,,,,,,,,,,,,,
549,,,LAKRIS VANILJE/JORDBÆR/ 60 STK.,1,,visible,,22/5,,,,,1,11,0,0,5.4,,,,0,,,520,Lakris,,,,,,,,,,,,,,,,,,,,,,,,,
424,,,LAKRIS VILLBRINGEBÆR/60 STK,1,,visible,,,,,,,1,,0,0,,,,,0,,,520,Lakris,,,,,,,,,,,,,,,,,,,,,,,,,
634,,,Lakrispose /1000 stk. #101011,1,,visible,,,,,,,1,43,0,0,10,,,,0,,,1150,Diverse,,,,,,,,,,,,,,,,,,,,,,,,,
613,,,Lakrispose blank/3000 stk.,1,,visible,,,,,,,1,,0,0,13,,,,0,,,2400,Sukkerspinn tilbehør,,,,,,,,,,,,,,,,,,,,,,,,,
67,,,LEDNINGER FOR KJELE 14 OZ 47867,1,,visible,,Oppdatert 9/22,,,,,1,,0,0,,,,,0,,,1434,Deler og tilbehør,,,,,,,,,,,,,,,,,,,,,,,,,
638,,,Ledningsett (Kabelstock) 6-8 oz/Hvitt støpsel/#49328EX,1,,visible,,"Ny kontakt P-60, med hvitt støpsel",,,,,1,3,0,0,,,,,0,,,1610,Deler og tilbehør,,,,,,,,,,,,,,,,,,,,,,,,,
68,,,LEDNINGSETT (Kabelstock)6 + 8 OZ./SORT/ #49328EX,1,,visible,,"Kontakt til eldre P-60
Pris oppdatert august 2021 ",,,,,1,10,0,0,,,,,0,,,1610,Deler og tilbehør,,,,,,,,,,,,,,,,,,,,,,,,,
573,,,LOKK TIL KAMMER 10 LITER/SORT,1,,visible,,,,,,,1,4,0,0,,,,,0,,,408,Deler Slushmaskiner,,,,,,,,,,,,,,,,,,,,,,,,,
70,,,LÆR FLOATER / #20010,1,,visible,,Oppdatert 9/22,,,,,1,50,0,0,,,,,0,,,82,Deler og tilbehør,,,,,,,,,,,,,,,,,,,,,,,,,
357,,,MAIS 10 KG.,1,,visible,,06-23,,,,,1,-1,0,0,10,,,,0,,,375,Popcorn tilbehør mat,,,,,,,,,,,,,,,,,,,,,,,,,
242,,,MAIS BUTTERFLY 22.7KG #107101-LK,1,,visible,,"Aug-22 (187,- før)",,,,,1,918,0,0,22.7,,,,0,,,598,Popcorn tilbehør mat,,,,,,,,,,,,,,,,,,,,,,,,,
105,,,MAIS MUSHROOM  22.7KG,1,,visible,,Aug-22,,,,,1,70,0,0,22.7,,,,0,,,660,Popcorn tilbehør mat,,,,,,,,,,,,,,,,,,,,,,,,,
233,,,MANGO TØRKET/30 STK./400 G,1,,visible,,,,,,,1,,0,0,12,,,,0,,,1539,Nøtter og mango,,,,,,,,,,,,,,,,,,,,,,,,,
437,,,MARK 5 CARAMEL MIXER KOMPLETT M/BORD,1,,visible,,"Bord/Understell #69100: 10.909 NOK
+ Blander Mark 5 #2175XER: 18.946 NOK",,,,,1,,0,0,,,,,0,,,49500,Popcornmaskiner,,,,,,,,,,,,,,,,,,,,,,,,,
438,,,MARK 5 CARAMEL MIXER/RH/#2175XER,1,,visible,,Karamellmaskin (uten understell) Right hand dump.,,,,,1,1,0,0,,,,,0,,,32200,Popcornmaskiner,,,,,,,,,,,,,,,,,,,,,,,,,
692,,,Medallion Popcorn Machine 52oz /med understell og pumpe,1,,visible,,Komplett med understell og elektronisk pumpe (2114XE),,,,,1,,0,0,,,,,0,,,115000,Popcornmaskiner,,,,,,,,,,,,,,,,,,,,,,,,,
390,,,MEXI BITES CHEDDAR/12 STK/125G,1,,visible,,2/23,,,,,1,,0,0,1.5,,,,0,,,124,Snacks,,,,,,,,,,,,,,,,,,,,,,,,,
392,,,MEXI BITES CHILI/12 STK/125G,1,,visible,,2/23,,,,,1,,0,0,1.5,,,,0,,,124,Snacks,,,,,,,,,,,,,,,,,,,,,,,,,
391,,,MEXI BITES TACO/12 STK/125G,1,,visible,,2/23,,,,,1,,0,0,1.5,,,,0,,,124,Snacks,,,,,,,,,,,,,,,,,,,,,,,,,
536,,,MICROSWITCH CAB SLUSHMASKIN/ #F448,1,,visible,,,,,,,1,2,0,0,,,,,0,,,284,Deler Slushmaskiner,,,,,,,,,,,,,,,,,,,,,,,,,
124,,,MIGHTY MITE GAS POPPER #2035DC,1,,visible,,,,,,,1,,0,0,15.4,,,,0,,,14188,Popcornmaskiner,,,,,,,,,,,,,,,,,,,,,,,,,
434,,,MINI CHEESE TUMBLER/10L/#2705EX,1,,visible,,"9,5 liters beholder. 
",,,,,1,1,0,0,5,,,,0,,,1975,Popcornmaskiner,,,,,,,,,,,,,,,,,,,,,,,,,
442,,,MINI TAVOLO ELECTRIC/3300W,1,,hidden,,"Frakt 800,- pr. maskin",,,,,1,,0,0,25,,,,0,,,24500,Andre maskiner,,,,,,,,,,,,,,,,,,,,,,,,,
443,,,MINI TAVOLO INOX/GASS,1,,visible,,"Frakt 800,- pr. maskin",,,,,1,,0,0,25,,,,0,,,26500,Andre maskiner,,,,,,,,,,,,,,,,,,,,,,,,,
595,,,Moomin Lollipop 8g/150stk.,1,,visible,,,,,,,1,,0,0,1.2,,,,0,,,294,Diverse Godteri,,,,,,,,,,,,,,,,,,,,,,,,,
71,,,MOTOR FOR RØRPINNE #47121,1,,visible,,Oppdatert 9/22,,,,,1,1,0,0,,,,,0,,,1650,Deler og tilbehør,,,,,,,,,,,,,,,,,,,,,,,,,
332,,,MOTOR TIL ASTRO VARMESKAP #40299,1,,visible,,Oppdatert 9/22,,,,,1,3,0,0,,,,,0,,,2234,Deler og tilbehør,,,,,,,,,,,,,,,,,,,,,,,,,
654,,,Mr.Chip's Bacon 125g/16 stk.,1,,visible,,,,,,,1,,0,0,3.5,,,,0,,,132.8,Snacks,,,,,,,,,,,,,,,,,,,,,,,,,
653,,,Mr.Chip's BBQ 110g/16 stk.,1,,visible,,,,,,,1,,0,0,3.5,,,,0,,,132.8,Snacks,,,,,,,,,,,,,,,,,,,,,,,,,
652,,,Mr.Chip's Paprika 125g/16 stk.,1,,visible,,,,,,,1,,0,0,3.5,,,,0,,,132.8,Snacks,,,,,,,,,,,,,,,,,,,,,,,,,
520,,,MUNNBIND POPCORN #6667,1,,visible,,,,,,,1,12,0,0,,,,,0,,,165,Diverse,,,,,,,,,,,,,,,,,,,,,,,,,
374,,,MÅLEBEGER MAIS 12-16 OZ. (Akryl m/hank),1,,visible,,Oppdatert 9/22,,,,,1,15,0,0,,,,,0,,,135,Deler og tilbehør,,,,,,,,,,,,,,,,,,,,,,,,,
375,,,MÅLEBEGER MAIS 16 OZ. (ALU m/hank),1,,visible,,,,,,,1,1,0,0,,,,,0,,,89,Deler og tilbehør,,,,,,,,,,,,,,,,,,,,,,,,,
72,,,MÅLEBEGER MAIS 4 - 8 OZ. #49049,1,,visible,,Oppdatert 9/22,,,,,1,44,0,0,,,,,0,,,118,Deler og tilbehør,,,,,,,,,,,,,,,,,,,,,,,,,
371,,,MÅLEBEGER SALT 12-16 OZ /#47679,1,,visible,,Oppdatert 9/22,,,,,1,30,0,0,,,,,0,,,28,Deler og tilbehør,,,,,,,,,,,,,,,,,,,,,,,,,
372,,,MÅLEBEGER SALT 16 OZ,1,,visible,,Oppdatert 9/22,,,,,1,,0,0,,,,,0,,,32,Deler og tilbehør,,,,,,,,,,,,,,,,,,,,,,,,,
373,,,MÅLEBEGER SALT 32 OZ,1,,visible,,Oppdatert 9/22,,,,,1,5,0,0,,,,,0,,,35,Deler og tilbehør,,,,,,,,,,,,,,,,,,,,,,,,,
73,,,MÅLEBEGER SALT 4-8 OZ / #47678,1,,visible,,Oppdatert 9/22,,,,,1,51,0,0,,,,,0,,,23,Deler og tilbehør,,,,,,,,,,,,,,,,,,,,,,,,,
460,,,NACHO CHEESE DISPENSER/#5300ex,1,,visible,,,,,,,1,1,0,0,14,,,,0,,,5300,Andre maskiner,,,,,,,,,,,,,,,,,,,,,,,,,
576,,,NAKSPAK PORSJON 8OZ/36 STK/#104329,1,,visible,,"1 porsjon= 5L popcorn. 1 eske = 180L popcorn
Aug-22",,,,,1,178,0,0,8.9,,,,0,,,525,Popcorn tilbehør mat,,,,,,,,,,,,,,,,,,,,,,,,,
447,,,NAMI FROZEN YOGURT/5.5L,1,,visible,,,,,,,1,2,0,0,28,,,,0,,,15500,Slushmaskiner,,,,,,,,,,,,,,,,,,,,,,,,,
148,,,NETTING M/ KLYPER,1,,visible,,11/12,,,,,1,62,0,0,0.3,,,,0,,,445,Sukkerspinn tilbehør,,,,,,,,,,,,,,,,,,,,,,,,,
626,,,Nuts & Chocolate 20stk./50g,1,,visible,,"Småposer 20 stk. pr. display. 280 display på pall. 
Oppdatert sept-22",,,,,1,,0,0,,,,,0,,,80,Nøtter og mango,,,,,,,,,,,,,,,,,,,,,,,,,
415,,,NØTTESTATIV SNACKSNØTTER AKRYL,1,,visible,,,,,,,1,4,0,0,,,,,0,,,650,Diverse,,,,,,,,,,,,,,,,,,,,,,,,,
350,,,NØTTESTATIV SNACKSNØTTER GRØNN,1,,visible,,,,,,,1,4,0,0,,,,,0,,,800,Diverse,,,,,,,,,,,,,,,,,,,,,,,,,
661,,,OK Baconcrisp 75 gram /12 stk.,1,,visible,,,,,,,1,,0,0,,,,,0,,,173.4,Snacks,,,,,,,,,,,,,,,,,,,,,,,,,
163,,,OK BACONCRISP/16 STK./ 150 G,1,,visible,,Innpris oppdatert aug-22,,,,,1,,0,0,2.5,,,,0,,,320,Snacks,,,,,,,,,,,,,,,,,,,,,,,,,
514,,,OK POPCORN SALT/20STK/100g,1,,hidden,,,,,,,1,,0,0,2,,,,0,,,145,Snacks,,,,,,,,,,,,,,,,,,,,,,,,,
74,,,OLJE PUMPE SPANN #2114EX,1,,visible,,Oppdatert 9/22,,,,,1,2,0,0,,,,,0,,,9900,Deler og tilbehør,,,,,,,,,,,,,,,,,,,,,,,,,
525,,,O-RING TIL TAPPESTEMPEL/CAB SLUSHMASKIN #F016,1,,visible,,,,,,,1,63,0,0,,,,,0,,,34,Deler Slushmaskiner,,,,,,,,,,,,,,,,,,,,,,,,,
125,,,P-60 DELUXE #2661EX,1,,visible,,11/22,,,,,1,,0,0,26.8,,,,0,,,13500,Popcornmaskiner,,,,,,,,,,,,,,,,,,,,,,,,,
534,,,PAKNING (BUNNPAKNING) TIL TAPPESTEMPEL/CAB SLUSHMASKIN #F017,1,,visible,,,,,,,1,15,0,0,,,,,0,,,76,Deler Slushmaskiner,,,,,,,,,,,,,,,,,,,,,,,,,
640,,,Pakning 4 oz kjele/#54003,1,,visible,,,,,,,1,9,0,0,,,,,0,,,149,Deler og tilbehør,,,,,,,,,,,,,,,,,,,,,,,,,
333,,,PAKNING 6-8 OZ KJELE #49368,1,,visible,,Oppdatert 9/22,,,,,1,14,0,0,,,,,0,,,240,Deler og tilbehør,,,,,,,,,,,,,,,,,,,,,,,,,
602,,,Pakning sugekopp/ Nr. 02:05 / #F026-2,1,,visible,,,,,,,1,14,0,0,,,,,0,,,79,Deler Slushmaskiner,,,,,,,,,,,,,,,,,,,,,,,,,
569,,,PAKNING TIL KJØLEKAMMER/CAB SLUSHMASKIN #F019N,1,,visible,,,,,,,1,18,0,0,,,,,0,,,205,Deler Slushmaskiner,,,,,,,,,,,,,,,,,,,,,,,,,
656,,,Pakningssett Cab ,1,,visible,,,,,,,1,10,0,0,,,,,0,,,593,Deler Slushmaskiner,,,,,,,,,,,,,,,,,,,,,,,,,
459,,,PALLEFAT KOKOSOLJE /1000L,1,,visible,,Juli 2023,,,,,1,1,0,0,,,,,0,,,36000,Popcorn tilbehør mat,,,,,,,,,,,,,,,,,,,,,,,,,
482,,,PAPIRBEGER PINNEVAFFEL/ 3000STK./#5442,1,,visible,,,,,,,1,1,0,0,4.75,,,,0,,,1035,Diverse,,,,,,,,,,,,,,,,,,,,,,,,,
645,,,Pappeske Popcorn/120L/Standard 15,1,,visible,,,,,,,1,590,0,0,,,,,0,,,30,Diverse,,,,,,,,,,,,,,,,,,,,,,,,,
165,,,PAPRIKA MIX BIG BAG/16 STK/350G,1,,visible,,,,,,,1,,0,0,5.6,,,,0,,,349,Snacks,,,,,,,,,,,,,,,,,,,,,,,,,
627,,,Peanuts & Fruit 20stk./50g,1,,visible,,"Småposer 20 stk. pr. display. 280 display på pall.
Oppdatert sept-22",,,,,1,,0,0,,,,,0,,,80,Nøtter og mango,,,,,,,,,,,,,,,,,,,,,,,,,
538,,,PIN TIL CAB TAPPEHÅNDTAK/BLACK/#F013N,1,,visible,,,,,,,1,41,0,0,,,,,0,,,62,Deler Slushmaskiner,,,,,,,,,,,,,,,,,,,,,,,,,
481,,,PINNE TIL POTET /2000STK#4159,1,,visible,,,,,,,1,2,0,0,,,,,0,,,2427,Diverse,,,,,,,,,,,,,,,,,,,,,,,,,
369,,,PLAKAT CANDY APPLE - LAMINERT #5225,1,,visible,,,,,,,1,,0,0,,,,,0,,,75,Deler og tilbehør,,,,,,,,,,,,,,,,,,,,,,,,,
368,,,PLAKAT COTTON CANDY - LAMINERT #3996,1,,visible,,,,,,,1,,0,0,,,,,0,,,75,Deler og tilbehør,,,,,,,,,,,,,,,,,,,,,,,,,
367,,,PLAKAT POPCORN - LAMINERT #2988,1,,visible,,,,,,,1,,0,0,,,,,0,,,75,Deler og tilbehør,,,,,,,,,,,,,,,,,,,,,,,,,
264,,,PLASTBØTTE M/LOKK 20L,1,,visible,,,,,,,1,555,0,0,0.5,,,,0,,,60,Sukkerspinn tilbehør,,,,,,,,,,,,,,,,,,,,,,,,,
639,,,Plastgjennomføring (GRÅ) til kammer,1,,visible,,,,,,,1,19,0,0,,,,,0,,,95,Deler Slushmaskiner,,,,,,,,,,,,,,,,,,,,,,,,,
149,,,PLEXI TOPP DOUBLE BUBBLE #3943,1,,visible,,11/12,,,,,1,15,0,0,5,,,,0,,,2900,Sukkerspinn tilbehør,,,,,,,,,,,,,,,,,,,,,,,,,
502,,,PLEXITOPP 1/2 TIL INNBYGGING,1,,visible,,,,,,,1,1,0,0,4,,,,0,,,2300,Sukkerspinn tilbehør,,,,,,,,,,,,,,,,,,,,,,,,,
151,,,PLEXITOPP MANDEL,1,,visible,,,,,,,1,,0,0,,,,,0,,,1472,Deler og tilbehør,,,,,,,,,,,,,,,,,,,,,,,,,
589,,,POPCORN FERDIG POPPET /120L /KARTONG,1,,hidden,,,,,,,1,,0,0,6.2,,,,0,,,580,Popcorn tilbehør mat,,,,,,,,,,,,,,,,,,,,,,,,,
172,,,POPCORN FERDIG POPPET /120L /POSE,1,,visible,,"Selvkost råvarer: 62,- + Pose: 7,- + Eske 15,- + Arbeid: 25,- Total selvkost pr. sekk: 134,-
Oppdatert pris januar 2021
Råvarer: Mais: 35,- Fett: 26,- Salt: 1,-
Oppdatert innpris aug-22: + 15% (145,-)",,,,,1,,0,0,4.9,,,,0,,,580,Popcorn tilbehør mat,,,,,,,,,,,,,,,,,,,,,,,,,
490,,,POPCORN KJELE 4 OZ #54000EX,1,,visible,,Oppdatert 9/22,,,,,1,4,0,0,,,,,0,,,3600,Deler og tilbehør,,,,,,,,,,,,,,,,,,,,,,,,,
345,,,POPCORN KJELE 6 OZ #49434EX,1,,visible,,Oppdatert 9/22,,,,,1,7,0,0,,,,,0,,,5700,Deler og tilbehør,,,,,,,,,,,,,,,,,,,,,,,,,
106,,,POPCORN KJELE 8 OZ #58000EX,1,,visible,,Oppdatert 9/22,,,,,0,,0,0,,,,,0,,,5100,Deler og tilbehør,,,,,,,,,,,,,,,,,,,,,,,,,
247,,,"POPCORN POSER 0,4 LITER  1000 STK",1,,visible,,11/12,,,,,1,33,0,0,5,,,,0,,,520,Popcorn tilbehør,,,,,,,,,,,,,,,,,,,,,,,,,
78,,,Popcorn Scoop #2072,1,,visible,,Oppdatert 9/22,,,,,1,2,0,0,,,,,0,,,450,Deler og tilbehør,,,,,,,,,,,,,,,,,,,,,,,,,
339,,,POPCORN SKILT/PLAKAT #111876,1,,visible,,Oppdatert 9/22,,,,,0,,0,0,,,,,0,,,500,Deler og tilbehør,,,,,,,,,,,,,,,,,,,,,,,,,
251,,,POPCORNBEGER/RUND/300 STK. 4L/130 OZ.,1,,visible,,,,,,,1,65,0,0,10,,,,0,,,1377,Popcorn tilbehør,,,,,,,,,,,,,,,,,,,,,,,,,
252,,,POPCORNBEGER/RUNDE/1000 STK. 0.7L/24 OZ.,1,,visible,,,,,,,1,21,0,0,14,,,,0,,,1464,Popcorn tilbehør,,,,,,,,,,,,,,,,,,,,,,,,,
253,,,POPCORNBEGER/RUNDE/300 STK. 2.5L/85OZ,1,,visible,,,,,,,1,100,0,0,10,,,,0,,,1295,Popcorn tilbehør,,,,,,,,,,,,,,,,,,,,,,,,,
254,,,POPCORNBEGER/RUNDE/500 STK. 1.4L/46OZ,1,,visible,,,,,,,1,253,0,0,11,,,,0,,,1137,Popcorn tilbehør,,,,,,,,,,,,,,,,,,,,,,,,,
255,,,POPCORNBEGER/RUNDE/LØSE/ STK.,1,,visible,,,,,,,1,,0,0,,,,,0,,,4,Popcorn tilbehør,,,,,,,,,,,,,,,,,,,,,,,,,
422,,,POPCORNBØTTE I PLAST/2.7L/72STK/PR.STK!!,1,,visible,,"""Movie night in""
Innpris: 5,81,-
Frakt: 1,-",,,,,1,990,0,0,0.5,,,,0,,,12,Popcorn tilbehør,,,,,,,,,,,,,,,,,,,,,,,,,
416,,,POPCORNKJELE CITATION/16OZ/KOMPLETT/#55199EX,1,,visible,,Oppdatert 9/22,,,,,1,5,0,0,,,,,0,,,12550,Deler og tilbehør,,,,,,,,,,,,,,,,,,,,,,,,,
664,,,Popcornkrydder American Style - 500g,1,,visible,,,,,,,1,93,0,0,0.55,,,,0,,,220,Popcorn tilbehør mat,,,,,,,,,,,,,,,,,,,,,,,,,
663,,,Popcornkrydder Cheddar - 500g,1,,visible,,,,,,,1,137,0,0,0.55,,,,0,,,220,Popcorn tilbehør mat,,,,,,,,,,,,,,,,,,,,,,,,,
598,,,Popcornkrydder Ranch - 500g,1,,visible,,"11/22
12 stk. i en kartong.",,,,,1,,0,0,0.5,,,,0,,,220,Popcorn tilbehør mat,,,,,,,,,,,,,,,,,,,,,,,,,
597,,,Popcornkrydder Sour Cream & Chives - 500g,1,,visible,,12 stk. i en kartong.,,,,,1,174,0,0,0.5,,,,0,,,220,Popcorn tilbehør mat,,,,,,,,,,,,,,,,,,,,,,,,,
599,,,Popcornkrydder White Cheese - 500g,1,,visible,,"11/22
12 stk. i en kartong.",,,,,1,68,0,0,0.5,,,,0,,,220,Popcorn tilbehør mat,,,,,,,,,,,,,,,,,,,,,,,,,
505,,,POPCORNPOSE MED VINDU/LUKKING / 250 STK. #2203,1,,visible,,,,,,,1,1,0,0,5,,,,0,,,1420,Popcorn tilbehør,,,,,,,,,,,,,,,,,,,,,,,,,
600,,,Popcornsalt Butter - 1000g,1,,visible,,"11/22
12 stk. i en kartong.",,,,,1,348,0,0,1,,,,0,,,125,Popcorn tilbehør mat,,,,,,,,,,,,,,,,,,,,,,,,,
126,,,POP-O-GOLD 32 OZ. KOMPLETT M/UNDERSTELL#2011-283,1,,visible,,"11/22
32OZ POG WITH BASE BASE WHITE LED SIGN, 2257EX BIB ELECTRONIC TEMP CONTROL 230V 
50HZ.",,,,,1,,0,0,,,,,0,,,85000,Popcornmaskiner,,,,,,,,,,,,,,,,,,,,,,,,,
393,,,PORSJONSFETT LITEN 96 STK/50g,1,,visible,,Juli 23,,,,,1,101,0,0,5,,,,0,,,649,Popcorn tilbehør mat,,,,,,,,,,,,,,,,,,,,,,,,,
35,,,PORSJONSFETT STOR 48 STK /100g,1,,visible,,,,,,,1,47,0,0,5,,,,0,,,649,Popcorn tilbehør mat,,,,,,,,,,,,,,,,,,,,,,,,,
436,,,PRO POP 12 OZ UNIMAXX #2214STX,1,,hidden,,"11/22
Rustfritt stål topp. Stål skap.
",,,,,1,1,0,0,38.5,,,,0,,,18500,Popcornmaskiner,,,,,,,,,,,,,,,,,,,,,,,,,
584,,,PROTEIN CHIPS/SOUR CREAM & ONION/90g,1,,visible,,Protein chips av erter,,,,,0,,0,0,1.1,,,,0,,,143,Snacks,,,,,,,,,,,,,,,,,,,,,,,,,
583,,,PROTEIN CHIPS/TOMAT & PAPRIKA/90g,1,,visible,,Protein chips av linser,,,,,0,,0,0,1.1,,,,0,,,143,Snacks,,,,,,,,,,,,,,,,,,,,,,,,,
462,,,PØLSEGRILL MINI DOGEROO/#8103EX,1,,visible,,,,,,,1,1,0,0,,,,,0,,,8900,Andre maskiner,,,,,,,,,,,,,,,,,,,,,,,,,
42,,,PØLSEKOKER HOT DOG STEAMER CART #8080NSX,1,,visible,,11/12,,,,,1,3,0,0,18.2,,,,0,,,6990,Andre maskiner,,,,,,,,,,,,,,,,,,,,,,,,,
403,,,PØLSEKOKER Steamin' Demon #8007EX,1,,visible,,,,,,,0,,0,0,14.5,,,,0,,,6700,Andre maskiner,,,,,,,,,,,,,,,,,,,,,,,,,
44,,,PØLSEKOKER SUPER STEAMER DEAMON#8012EX,1,,visible,,11/12,,,,,0,,0,0,15.9,,,,0,,,7500,Andre maskiner,,,,,,,,,,,,,,,,,,,,,,,,,
588,,,Påfyllingspakke Popcorn,1,,visible,,,,,,,0,,0,0,,,,,0,,,2100,Diverse,,,,,,,,,,,,,,,,,,,,,,,,,
50,,,REDDY APPLE COOKER #4016EX,1,,visible,,,,,,,1,10,0,0,11,,,,0,,,7990,Candy Apple maskiner,,,,,,,,,,,,,,,,,,,,,,,,,
430,,,REGULATOR TORNADO (HEAT CONTROL) #43010,1,,visible,,Oppdatert 9/22,,,,,1,3,0,0,,,,,0,,,3291,Deler og tilbehør,,,,,,,,,,,,,,,,,,,,,,,,,
591,,,Roller Jordbær /24 stk.,1,,visible,,,,,,,1,1,0,0,0.5,,,,0,,,167,Diverse Godteri,,,,,,,,,,,,,,,,,,,,,,,,,
592,,,Roller Regnbue/24 stk.,1,,visible,,,,,,,1,7,0,0,0.5,,,,0,,,167,Diverse Godteri,,,,,,,,,,,,,,,,,,,,,,,,,
79,,,RUSTFRI PLATE 20*20 #77693,1,,visible,,,,,,,1,,0,0,,,,,0,,,300,Deler og tilbehør,,,,,,,,,,,,,,,,,,,,,,,,,
432,,,RØREMOTOR TIL CAB SLUSH #F033/1,1,,visible,,,,,,,1,1,0,0,,,,,0,,,1972,Deler Slushmaskiner,,,,,,,,,,,,,,,,,,,,,,,,,
507,,,SALGSPOSE CHEDDARPOPCORN/1000STK/1.2L/ #2044,1,,visible,,"11/12
Leveres med strips. Rommer ca. 1,2 liter popcorn. ",,,,,1,27,0,0,6,,,,0,,,990,Popcorn tilbehør,,,,,,,,,,,,,,,,,,,,,,,,,
506,,,SALGSPOSE KARAMELLPOPCORN/1000STK/1.2L/ #2038,1,,visible,,"11/12
Leveres med strips. Rommer ca. 1,2 liter popcorn. ",,,,,1,26,0,0,6,,,,0,,,990,Popcorn tilbehør,,,,,,,,,,,,,,,,,,,,,,,,,
508,,,SALGSPOSE SMØRPOPCORN/1000STK/1.2L/ #2020,1,,visible,,"11/12
Leveres med strips. Rommer ca. 1,2 liter popcorn. ",,,,,1,5,0,0,6,,,,0,,,990,Popcorn tilbehør,,,,,,,,,,,,,,,,,,,,,,,,,
155,,,SALGSVOGN M/4 HJUL RUSFRTFRI STÅL /#2012ST,1,,visible,,,,,,,1,1,0,0,61.7,,,,0,,,9900,Popcornmaskiner,,,,,,,,,,,,,,,,,,,,,,,,,
596,,,Salgsvogn med 4 hjul rustfritt stål #2936ST,1,,visible,,Passer til Citation,,,,,1,1,0,0,37.2,,,,0,,,7500,Popcornmaskiner,,,,,,,,,,,,,,,,,,,,,,,,,
468,,,SARATOGA POTETKUTTER/#5280,1,,visible,,,,,,,1,1,0,0,13,,,,0,,,6100,Andre maskiner,,,,,,,,,,,,,,,,,,,,,,,,,
483,,,SERVERINGSBRETT TIL KREMMERHUS/6 HULL,1,,visible,,11/22,,,,,1,10,0,0,0.5,,,,0,,,385,Popcorn tilbehør,,,,,,,,,,,,,,,,,,,,,,,,,
698,,,Service og rep,1,,visible,,Produkt opprettet for arbeidstype,,,,,0,,0,0,,,,,0,,,,Produkter for arbeidstyper,,,,,,,,,,,,,,,,,,,,,,,,,
701,,,Service og repara,1,,visible,,Produkt opprettet for arbeidstype,,,,,0,,0,0,,,,,0,,,,Produkter for arbeidstyper,,,,,,,,,,,,,,,,,,,,,,,,,
702,,,Service og reparasjon,1,,visible,,Produkt opprettet for arbeidstype,,,,,0,,0,0,,,,,0,,,,Produkter for arbeidstyper,,,,,,,,,,,,,,,,,,,,,,,,,
703,,,Service og reparasjon,1,,visible,,Produkt opprettet for arbeidstype,,,,,0,,0,0,,,,,0,,,,Produkter for arbeidstyper,,,,,,,,,,,,,,,,,,,,,,,,,
699,,,Service og reparaso,1,,hidden,,Produkt opprettet for arbeidstype,,,,,0,,0,0,,,,,0,,,,Produkter for arbeidstyper,,,,,,,,,,,,,,,,,,,,,,,,,
700,,,Service og reparaso,1,,visible,,Produkt opprettet for arbeidstype,,,,,0,,0,0,,,,,0,,,,Produkter for arbeidstyper,,,,,,,,,,,,,,,,,,,,,,,,,
650,,,Shut up 80g pose / 18 stk.,1,,visible,,,,,,,0,,0,0,,,,,0,,,243,Diverse Godteri,,,,,,,,,,,,,,,,,,,,,,,,,
485,,,SJOKOLADEVARMER CARAPHOT MINI 1,1,,visible,,Aug-22,,,,,1,3,0,0,2.5,,,,0,,,3801,Andre maskiner,,,,,,,,,,,,,,,,,,,,,,,,,
551,,,SJOKOLADEVARMER CARAPHOT MINI 2,1,,visible,,Aug-22,,,,,0,,0,0,5,,,,0,,,5650,Andre maskiner,,,,,,,,,,,,,,,,,,,,,,,,,
624,,,Sjokoladevarmer Warm&Squeeze 1,1,,visible,,,,,,,1,1,0,0,2,,,,0,,,3600,Andre maskiner,,,,,,,,,,,,,,,,,,,,,,,,,
625,,,Sjokoladevarmer Warm&Squeeze 2,1,,visible,,,,,,,1,2,0,0,3,,,,0,,,5380,Andre maskiner,,,,,,,,,,,,,,,,,,,,,,,,,
80,,,SKRUE TOPPLOKK SUKKERSPINN,1,,visible,,Oppdatert 9/22,,,,,0,,0,0,,,,,0,,,18,Deler og tilbehør,,,,,,,,,,,,,,,,,,,,,,,,,
378,,,SKUFF - P-60 DELUXE #49100,1,,visible,,Oppdatert 9/22,,,,,1,6,0,0,,,,,0,,,660,Deler og tilbehør,,,,,,,,,,,,,,,,,,,,,,,,,
217,,,SLUSH APPELSIN 5 LITER,1,,visible,,,,,,,1,41,0,0,6.8,,,,0,,,291,Slush tilbehør mat,,,,,,,,,,,,,,,,,,,,,,,,,
397,,,SLUSH BEGER ANIMAL CUP/3.5dl/100STK,1,,visible,,,,,,,0,,0,0,,,,,0,,,930,Slush tilbehør,,,,,,,,,,,,,,,,,,,,,,,,,
218,,,SLUSH BRINGEBÆR/BLÅ 5 LITER,1,,visible,,,,,,,1,137,0,0,6.8,,,,0,,,291,Slush tilbehør mat,,,,,,,,,,,,,,,,,,,,,,,,,
473,,,SLUSH CHAMPAGNE/ 5 LITER,1,,visible,,,,,,,1,22,0,0,6.8,,,,0,,,291,Slush tilbehør mat,,,,,,,,,,,,,,,,,,,,,,,,,
658,,,SLUSH CHERRY PUNCH 5 LITER,1,,visible,,,,,,,1,70,0,0,,,,,0,,,291,Slush tilbehør mat,,,,,,,,,,,,,,,,,,,,,,,,,
219,,,SLUSH COLA 5 LITER,1,,visible,,,,,,,1,182,0,0,6.8,,,,0,,,291,Slush tilbehør mat,,,,,,,,,,,,,,,,,,,,,,,,,
657,,,SLUSH COTTON CANDY 5 LITER,1,,visible,,,,,,,1,32,0,0,,,,,0,,,291,Slush tilbehør mat,,,,,,,,,,,,,,,,,,,,,,,,,
220,,,SLUSH EPLE/GRØNN 5 LITER,1,,visible,,,,,,,1,70,0,0,6.8,,,,0,,,291,Slush tilbehør mat,,,,,,,,,,,,,,,,,,,,,,,,,
221,,,SLUSH JORDBÆR  5 LITER,1,,visible,,,,,,,1,250,0,0,6.8,,,,0,,,291,Slush tilbehør mat,,,,,,,,,,,,,,,,,,,,,,,,,
223,,,SLUSH MANGO 5 LITER,1,,visible,,,,,,,1,48,0,0,6.8,,,,0,,,291,Slush tilbehør mat,,,,,,,,,,,,,,,,,,,,,,,,,
474,,,SLUSH SØT SITRON/ 5 LITER,1,,visible,,,,,,,1,52,0,0,6.8,,,,0,,,291,Slush tilbehør mat,,,,,,,,,,,,,,,,,,,,,,,,,
618,,,Slushbeger Yard 350ml/BLÅ/54 stk./#47360L,1,,visible,,,,,,,1,24,0,0,,,,,0,,,680,Slush tilbehør,,,,,,,,,,,,,,,,,,,,,,,,,
619,,,Slushbeger Yard 350ml/ROSA/54 stk./#47306L,1,,visible,,,,,,,1,24,0,0,,,,,0,,,680,Slush tilbehør,,,,,,,,,,,,,,,,,,,,,,,,,
620,,,Slushbeger Yard 500ml/BLÅ/54 stk./#57360,1,,visible,,,,,,,1,13,0,0,3.2,,,,0,,,680,Slush tilbehør,,,,,,,,,,,,,,,,,,,,,,,,,
617,,,Slushbeger Yard 500ml/ROSA/54 stk./#57306,1,,visible,,,,,,,1,16,0,0,3.2,,,,0,,,680,Slush tilbehør,,,,,,,,,,,,,,,,,,,,,,,,,
259,,,SLUSHBEGER/300ml/1250 STK.,1,,visible,,"02/23
(Beger Nupik: 286,- pr. krt. &nbsp;+ Frakt: 58,- pr. krt
Ingen avgift.)",,,,,1,32,0,0,9.8,,,,0,,,1045,Slush tilbehør,,,,,,,,,,,,,,,,,,,,,,,,,
328,,,SLUSHMASKIN 1 KAMMER,1,,hidden,,Pris oppdatert 09/22,,,,,1,5,0,0,30,,,,0,,,13900,Slushmaskiner,,,,,,,,,,,,,,,,,,,,,,,,,
329,,,SLUSHMASKIN 2 KAMMER,1,,visible,,Pris oppdatert 09/22,,,,,1,5,0,0,53,,,,0,,,18900,Slushmaskiner,,,,,,,,,,,,,,,,,,,,,,,,,
330,,,SLUSHMASKIN 3 KAMMER,1,,visible,,Pris oppdatert 09/22,,,,,1,10,0,0,69,,,,0,,,24900,Slushmaskiner,,,,,,,,,,,,,,,,,,,,,,,,,
614,,,SLUSHMASKIN BLAZE /2L,1,,visible,,2 liters kammer,,,,,1,,0,0,15,,,,0,,,5990,Slushmaskiner,,,,,,,,,,,,,,,,,,,,,,,,,
426,,,SLUSHMASKIN CARESS/WHITE/ 5.5 L,1,,visible,,,,,,,1,,0,0,22,,,,0,,,10900,Slushmaskiner,,,,,,,,,,,,,,,,,,,,,,,,,
655,,,Smøremiddel Technite til Slushmaskin,1,,visible,,,,,,,1,7,0,0,0.05,,,,0,,,70,Deler Slushmaskiner,,,,,,,,,,,,,,,,,,,,,,,,,
667,,,Snacks Varmeskap Dobbel /med tersmostat,1,,visible,,"Varmeskap Kina, med skillevegg
4800,- pr. skap + 500,- frakt pr. skap",,,,,1,4,0,0,19,,,,0,,,6500,Snack tilbehør,,,,,,,,,,,,,,,,,,,,,,,,,
665,,,Snacks Varmeskap enkel,1,,visible,,"Varmeskap til Baconsnacks Kina
Pr. Skap: ca. 1863,- + frakt 500,-/stk.",,,,,1,12,0,0,13,,,,0,,,3900,Snack tilbehør,,,,,,,,,,,,,,,,,,,,,,,,,
344,,,SNACKSNØTTER HOT CHILI PEANUTS/12x100g,1,,visible,,Oppdatert Februar 23,,,,,1,410,0,0,1.65,,,,0,,,193,Nøtter og mango,,,,,,,,,,,,,,,,,,,,,,,,,
349,,,SNACKSNØTTER JALAPENO/12x120g,1,,visible,,Oppdatert Februar 23,,,,,1,182,0,0,1.85,,,,0,,,193,Nøtter og mango,,,,,,,,,,,,,,,,,,,,,,,,,
629,,,Snacksnøtter Nuts & Chocolate 12/150g,1,,visible,,Oppdatert Februar 23,,,,,1,,0,0,2.4,,,,0,,,253,Nøtter og mango,,,,,,,,,,,,,,,,,,,,,,,,,
628,,,Snacksnøtter Peanuts & Fruit /12x175g,1,,visible,,Oppdatert Februar 23,,,,,1,,0,0,2.6,,,,0,,,253,Nøtter og mango,,,,,,,,,,,,,,,,,,,,,,,,,
370,,,SNACKSNØTTER WASABI/12x100g,1,,visible,,Oppdatert Februar 23,,,,,1,90,0,0,1.55,,,,0,,,193,Nøtter og mango,,,,,,,,,,,,,,,,,,,,,,,,,
343,,,SNACKSNØTTER XXL PEANUTS/12x130g,1,,visible,,Oppdatert Februar 23,,,,,1,373,0,0,2,,,,0,,,193,Nøtter og mango,,,,,,,,,,,,,,,,,,,,,,,,,
143,,,SNO KING #1888EX,1,,visible,,,,,,,1,1,0,0,22.7,,,,0,,,9395,Slushmaskiner,,,,,,,,,,,,,,,,,,,,,,,,,
144,,,SNO KONE/SIMPLY #1813eX,1,,visible,,,,,,,1,1,0,0,,,,,0,,,7760,Slushmaskiner,,,,,,,,,,,,,,,,,,,,,,,,,
141,,,SNOW CONE BEGER/BLOMST/960 STK./8OZ #1175,1,,visible,,12/22,,,,,0,,0,0,7,,,,0,,,1100,Slush tilbehør,,,,,,,,,,,,,,,,,,,,,,,,,
142,,,SNOW CONE CUPS 5000 STK. #1060,1,,visible,,PS. Kan selges i strimler på 200 stk. ,,,,,0,,0,0,,,,,0,,,1975,Slush tilbehør,,,,,,,,,,,,,,,,,,,,,,,,,
81,,,SPADE ALUMINIUM #2071,1,,visible,,Oppdatert 9/22,,,,,1,16,0,0,,,,,0,,,265,Deler og tilbehør,,,,,,,,,,,,,,,,,,,,,,,,,
423,,,SPADE TIL POPCORN PLAST,1,,visible,,"<P>Innpris: 6,41,- stk.</P><BR>
<P>Frakt: 0,5,- stk.</P>",,,,,1,819,0,0,,,,,0,,,85,Deler og tilbehør,,,,,,,,,,,,,,,,,,,,,,,,,
648,,,Speiderhagl 80g pose / 18 stk.,1,,visible,,,,,,,1,3,0,0,1.5,,,,0,,,243,Diverse Godteri,,,,,,,,,,,,,,,,,,,,,,,,,
189,,,SPINNER 50 G/96 STK.,1,,visible,,,,,,,1,62,0,0,5,,,,0,,,791,Kjærligheter,,,,,,,,,,,,,,,,,,,,,,,,,
539,,,SPIRAL SKYLINE /SORT/ #F 304/N/1,1,,visible,,,,,,,1,3,0,0,,,,,0,,,520,Deler Slushmaskiner,,,,,,,,,,,,,,,,,,,,,,,,,
191,,,SPIRELLO/120G/64 STK.,1,,visible,,,,,,,1,63,0,0,7.7,,,,0,,,1084,Kjærligheter,,,,,,,,,,,,,,,,,,,,,,,,,
582,,,SPIRELLO/17g/96STK,1,,visible,,,,,,,1,47,0,0,1.7,,,,0,,,563,Kjærligheter,,,,,,,,,,,,,,,,,,,,,,,,,
192,,,SPIRELLO/50 G/96 STK.,1,,hidden,,,,,,,1,106,0,0,5,,,,0,,,791,Kjærligheter,,,,,,,,,,,,,,,,,,,,,,,,,
2147483647,,,Standardprodukt,1,,visible,,Systemet bruker dette produktet når en faktura inneholder varer/tjenester som ikke er registrert i produktregisteret.,,,,,1,-49,0,0,,,,,0,,,,Systemkategori,,,,,,,,,,,,,,,,,,,,,,,,,
409,,,Støpsel P-60/Med motpart/#49330,1,,visible,,Oppdatert 9/22,,,,,0,,0,0,,,,,0,,,890,Deler og tilbehør,,,,,,,,,,,,,,,,,,,,,,,,,
494,,,SUGERØR PAPIR /25 x 50 STK.,1,,visible,,,,,,,0,,0,0,2.5,,,,0,,,408,Slush tilbehør,,,,,,,,,,,,,,,,,,,,,,,,,
467,,,SUGERØR PAPIR /50 STK,1,,visible,,,,,,,1,98,0,0,0.1,,,,0,,,29,Slush tilbehør,,,,,,,,,,,,,,,,,,,,,,,,,
466,,,SUGERØR PAPIR M/SKJE 200 STK.,1,,visible,,,,,,,1,1404,0,0,0.3,,,,0,,,67,Slush tilbehør,,,,,,,,,,,,,,,,,,,,,,,,,
173,,,SUKKER - BLÅ 15 KG,1,,visible,,En bøtte holder til ca. 220-250 sukkerspinn.,,,,,1,155,0,0,15,,,,0,,,540,Sukkerspinn tilbehør mat,,,,,,,,,,,,,,,,,,,,,,,,,
578,,,SUKKER - GRØNN 15 KG,1,,visible,,Info: En bøtte holder til ca. 220-250 sukkerspinn.,,,,,1,186,0,0,15,,,,0,,,540,Sukkerspinn tilbehør mat,,,,,,,,,,,,,,,,,,,,,,,,,
353,,,SUKKER - HVIT 15 KG.,1,,visible,,En bøtte holder til ca. 220-250 sukkerspinn.,,,,,0,,0,0,15,,,,0,,,540,Sukkerspinn tilbehør mat,,,,,,,,,,,,,,,,,,,,,,,,,
174,,,SUKKER - ROSA  15 KG,1,,visible,,En bøtte holder til ca. 220-250 sukkerspinn.,,,,,1,143,0,0,15,,,,0,,,540,Sukkerspinn tilbehør mat,,,,,,,,,,,,,,,,,,,,,,,,,
175,,,SUKKER- GUL 15 KG,1,,visible,,En bøtte holder til ca. 220-250 sukkerspinn.,,,,,1,196,0,0,15,,,,0,,,540,Sukkerspinn tilbehør mat,,,,,,,,,,,,,,,,,,,,,,,,,
265,,,SUKKER HVIT FLOSSIN 25 KG,1,,visible,,"En sekk sukker holder til ca. 650 sukkerspinn.
Ca. 25-30 sukkerspinn pr. kilo sukker.

Juli 2023",,,,,1,32,0,0,25,,,,0,,,530,Sukkerspinn tilbehør mat,,,,,,,,,,,,,,,,,,,,,,,,,
587,,,Sukkerspinn-pakke,1,,visible,,,,,,,0,,0,0,,,,,0,,,15200,Diverse,,,,,,,,,,,,,,,,,,,,,,,,,
633,,,Sukkerspinnpose Cotton Candy /1000 STK. #101010,1,,visible,,,,,,,1,33,0,0,10,,,,0,,,1150,Sukkerspinn tilbehør,,,,,,,,,,,,,,,,,,,,,,,,,
267,,,"SUKKERSPINNSBØTTER 2,7L",1,,visible,,Minsteantall 148 stk (4 stabler + 1 pose lokk). 1110 stk./pall,,,,,1,20723,0,0,0.097,,,,0,,,8.5,Sukkerspinn tilbehør,,,,,,,,,,,,,,,,,,,,,,,,,
270,,,SUKKERSPINNSPINNER 1000 STK. #3021,1,,visible,,11/12,,,,,1,155,0,0,5,,,,0,,,650,Sukkerspinn tilbehør,,,,,,,,,,,,,,,,,,,,,,,,,
484,,,SUKKERSPINNSPOSE KLOVN  #3065,1,,visible,,11/22,,,,,0,,0,0,7.3,,,,0,,,990,Sukkerspinn tilbehør,,,,,,,,,,,,,,,,,,,,,,,,,
472,,,SUPERMIX 25G/96STK,1,,visible,,,,,,,1,69,0,0,2.5,,,,0,,,524,Kjærligheter,,,,,,,,,,,,,,,,,,,,,,,,,
555,,,SWING BAKESYSTEM / Base,1,,visible,,,,,,,1,1,0,0,9.3,,,,0,,,5884,Vafler maskiner og utstyr,,,,,,,,,,,,,,,,,,,,,,,,,
45,,,TAK/RØDT/HVIT #2444 TIL VOGN #2129 /48 TOMMER,1,,visible,,,,,,,0,,0,0,,,,,0,,,4600,Deler og tilbehør,,,,,,,,,,,,,,,,,,,,,,,,,
82,,,TANNHJUL,1,,visible,,Oppdatert 9/22,,,,,0,,0,0,,,,,0,,,195,Deler og tilbehør,,,,,,,,,,,,,,,,,,,,,,,,,
439,,,TAPE DISPENSER/FORSEGLING/,1,,visible,,<P>Candyman GmbH - Tyskland</P>,,,,,0,,0,0,,,,,0,,,400,Deler og tilbehør,,,,,,,,,,,,,,,,,,,,,,,,,
537,,,TAPPEHÅNDTAK SKYLINE BLACK/#SL009N,1,,visible,,,,,,,1,8,0,0,0.1,,,,0,,,156,Deler Slushmaskiner,,,,,,,,,,,,,,,,,,,,,,,,,
612,,,TAPPESTEMPEL CAB SKYLINE / TAP PIN / #F015,1,,visible,,,,,,,1,13,0,0,,,,,0,,,179,Deler Slushmaskiner,,,,,,,,,,,,,,,,,,,,,,,,,
55,,,TERMOMETER CANDY APPLE,1,,visible,,,,,,,1,,0,0,0.2,,,,0,,,402,Candy Apple tilbehør,,,,,,,,,,,,,,,,,,,,,,,,,
84,,,TERMOSTAT 4-8 OZ #76089,1,,hidden,,Oppdatert 9/22,,,,,1,16,0,0,,,,,0,,,325,Deler og tilbehør,,,,,,,,,,,,,,,,,,,,,,,,,
541,,,TERMOSTAT CANDY APPLE/#76288,1,,visible,,Oppdatert 9/22,,,,,1,8,0,0,,,,,0,,,332,Deler og tilbehør,,,,,,,,,,,,,,,,,,,,,,,,,
575,,,TERMOSTAT CITATION 16OZ / #76708,1,,visible,,,,,,,1,28,0,0,,,,,0,,,368,Deler og tilbehør,,,,,,,,,,,,,,,,,,,,,,,,,
452,,,TERMOSTAT FUNPOP4/2 STK.,1,,visible,,,,,,,0,,0,0,,,,,0,,,410,Deler og tilbehør,,,,,,,,,,,,,,,,,,,,,,,,,
470,,,THE BREEZE FLOSS#3030,1,,visible,,11/12,,,,,0,,0,0,14.5,,,,0,,,13500,Sukkerspinnmaskiner,,,,,,,,,,,,,,,,,,,,,,,,,
46,,,TITE TOPPER AWNING #2444,1,,visible,,,,,,,1,4,0,0,,,,,0,,,8700,Deler og tilbehør,,,,,,,,,,,,,,,,,,,,,,,,,
458,,,TIVOLIMIX/120G/64 STK.,1,,visible,,,,,,,1,136,0,0,7.7,,,,0,,,1025,Kjærligheter,,,,,,,,,,,,,,,,,,,,,,,,,
687,,,Toppetikett Appelsin,1,,visible,,,,,,,1,40,0,0,,,,,0,,,15,Slush tilbehør,,,,,,,,,,,,,,,,,,,,,,,,,
679,,,Toppetikett Blå Bringebær,1,,visible,,,,,,,1,90,0,0,,,,,0,,,15,Slush tilbehør,,,,,,,,,,,,,,,,,,,,,,,,,
689,,,Toppetikett Champagne,1,,visible,,,,,,,1,45,0,0,,,,,0,,,15,Slush tilbehør,,,,,,,,,,,,,,,,,,,,,,,,,
672,,,Toppetikett Cherry Punch,1,,visible,,,,,,,1,40,0,0,,,,,0,,,15,Slush tilbehør,,,,,,,,,,,,,,,,,,,,,,,,,
691,,,Toppetikett Cola,1,,visible,,,,,,,1,95,0,0,,,,,0,,,15,Slush tilbehør,,,,,,,,,,,,,,,,,,,,,,,,,
670,,,Toppetikett Cotton Candy,1,,visible,,,,,,,1,40,0,0,,,,,0,,,15,Slush tilbehør,,,,,,,,,,,,,,,,,,,,,,,,,
681,,,Toppetikett Grønt Eple,1,,visible,,,,,,,1,40,0,0,,,,,0,,,15,Slush tilbehør,,,,,,,,,,,,,,,,,,,,,,,,,
677,,,Toppetikett Jordbær,1,,visible,,,,,,,1,90,0,0,,,,,0,,,15,Slush tilbehør,,,,,,,,,,,,,,,,,,,,,,,,,
685,,,Toppetikett Mango,1,,visible,,,,,,,1,40,0,0,,,,,0,,,15,Slush tilbehør,,,,,,,,,,,,,,,,,,,,,,,,,
683,,,Toppetikett Søt Sitron,1,,visible,,,,,,,1,40,0,0,,,,,0,,,15,Slush tilbehør,,,,,,,,,,,,,,,,,,,,,,,,,
156,,,TORNADO #3005SX,1,,visible,,11/12,,,,,1,8,0,0,40,,,,0,,,23500,Sukkerspinnmaskiner,,,,,,,,,,,,,,,,,,,,,,,,,
157,,,TORNADO #3005x ELEKTRONISK,1,,visible,,11/12,,,,,0,,0,0,36.3,,,,0,,,23500,Sukkerspinnmaskiner,,,,,,,,,,,,,,,,,,,,,,,,,
381,,,TORTILLA CHIPS CHEESE/10 STK/200G,1,,visible,,,,,,,0,,0,0,2,,,,0,,,93,Snacks,,,,,,,,,,,,,,,,,,,,,,,,,
382,,,TORTILLA CHIPS SALT/10 STK/200G,1,,visible,,,,,,,0,,0,0,2,,,,0,,,93,Snacks,,,,,,,,,,,,,,,,,,,,,,,,,
562,,,TREPINNER HJERTEVAFFEL / 150 X 18 MM / 1000 STK,1,,visible,,,,,,,1,7,0,0,3.8,,,,0,,,839,Vafler maskiner og utstyr,,,,,,,,,,,,,,,,,,,,,,,,,
563,,,TREPINNER PINNEVAFFEL / 380 MM / 1200 STK,1,,visible,,,,,,,1,10,0,0,2.5,,,,0,,,546,Vafler maskiner og utstyr,,,,,,,,,,,,,,,,,,,,,,,,,
593,,,Tutti Frutti Original 80g/14 stk.,1,,visible,,,,,,,0,,0,0,1.2,,,,0,,,151,Diverse Godteri,,,,,,,,,,,,,,,,,,,,,,,,,
594,,,Tutti Frutti Sour 80g/14 stk.,1,,visible,,,,,,,0,,0,0,1.2,,,,0,,,151,Diverse Godteri,,,,,,,,,,,,,,,,,,,,,,,,,
457,,,TWISTER/ 17 /144 STK,1,,hidden,,,,,,,0,,0,0,,,,,0,,,658,Kjærligheter,,,,,,,,,,,,,,,,,,,,,,,,,
198,,,TWISTER/ 50 /96 STK,1,,visible,,,,,,,1,104,0,0,5,,,,0,,,791,Kjærligheter,,,,,,,,,,,,,,,,,,,,,,,,,
651,,,Tåteflasker 25g x 20 stk.,1,,visible,,,,,,,1,42,0,0,,,,,0,,,220,Diverse Godteri,,,,,,,,,,,,,,,,,,,,,,,,,
340,,,ULTRA 60 SPECIAL/HUNTER GREEN/#2656-01-001 EX,1,,visible,,11/22,,,,,1,5,0,0,28.1,,,,0,,,10900,Popcornmaskiner,,,,,,,,,,,,,,,,,,,,,,,,,
129,,,UNDERSTELL ASTRO,1,,visible,,,,,,,1,2,0,0,,,,,0,,,8500,Popcornmaskiner,,,,,,,,,,,,,,,,,,,,,,,,,
133,,,UNDERSTELL CITATION RUSTFRITT STÅL  #2015ST,1,,visible,,,,,,,1,,0,0,30,,,,0,,,7900,Popcornmaskiner,,,,,,,,,,,,,,,,,,,,,,,,,
456,,,UNDERSTELL FUN POP 4 MIDNIGHT/SORT #2649MD,1,,visible,,11/22,,,,,1,4,0,0,17.7,,,,0,,,3800,Popcornmaskiner,,,,,,,,,,,,,,,,,,,,,,,,,
137,,,UNDERSTELL FUN POP 4 RØD #2649CR,1,,visible,,11/22,,,,,1,6,0,0,17.7,,,,0,,,3800,Popcornmaskiner,,,,,,,,,,,,,,,,,,,,,,,,,
130,,,UNDERSTELL FUN POP 8 MIDNIGHT/SORT #2689BKG,1,,visible,,11/22,,,,,1,8,0,0,20.5,,,,0,,,3800,Popcornmaskiner,,,,,,,,,,,,,,,,,,,,,,,,,
420,,,UNDERSTELL KARAMELL/MARK 5/69100-30-F,1,,visible,,,,,,,1,,0,0,,,,,0,,,18300,Popcornmaskiner,,,,,,,,,,,,,,,,,,,,,,,,,
132,,,UNDERSTELL P-60  RUSTFRITT STÅL #2659ST,1,,visible,,11/22,,,,,1,5,0,0,19,,,,0,,,6500,Popcornmaskiner,,,,,,,,,,,,,,,,,,,,,,,,,
134,,,"UNDERSTELL P-60 RØD 18""#2659CR",1,,visible,,11/22,,,,,1,1,0,0,19,,,,0,,,5800,Popcornmaskiner,,,,,,,,,,,,,,,,,,,,,,,,,
131,,,UNDERSTELL ROSA 2 HJUL #3149,1,,visible,,Aug-22,,,,,1,2,0,0,25,,,,0,,,4950,Sukkerspinnmaskiner,,,,,,,,,,,,,,,,,,,,,,,,,
533,,,UNDERSTELL ROSA 4 HJUL #3148FC,1,,visible,,11/12,,,,,1,3,0,0,20,,,,0,,,5600,Sukkerspinnmaskiner,,,,,,,,,,,,,,,,,,,,,,,,,
168,,,UTLEIE POPCORNMASKIN,1,,visible,,,,,,,0,,0,0,,,,,0,,,1500,Diverse,,,,,,,,,,,,,,,,,,,,,,,,,
169,,,UTLEIE PØLSEKOKER,1,,visible,,,,,,,0,,0,0,,,,,0,,,650,Diverse,,,,,,,,,,,,,,,,,,,,,,,,,
545,,,UTLEIE SLUSHMASKIN 1-Kammer,1,,visible,,,,,,,0,,0,0,,,,,0,,,800,Diverse,,,,,,,,,,,,,,,,,,,,,,,,,
170,,,UTLEIE SUKKERSPINNMASKIN,1,,visible,,,,,,,0,,0,0,,,,,0,,,1500,Diverse,,,,,,,,,,,,,,,,,,,,,,,,,
171,,,UTLEIE VARMESKAP,1,,visible,,,,,,,0,,0,0,,,,,0,,,500,Diverse,,,,,,,,,,,,,,,,,,,,,,,,,
552,,,VAFFELJERN HJERTEVAFFEL PÅ PINNE,1,,visible,,,,,,,1,4,0,0,24,,,,0,,,9403,Vafler maskiner og utstyr,,,,,,,,,,,,,,,,,,,,,,,,,
647,,,Vaffeljern klassisk vaffel,1,,visible,,,,,,,1,1,0,0,,,,,0,,,8955,Vafler maskiner og utstyr,,,,,,,,,,,,,,,,,,,,,,,,,
553,,,VAFFELJERN KREMVAFFEL PÅ PINNE,1,,visible,,,,,,,1,1,0,0,21,,,,0,,,9403,Vafler maskiner og utstyr,,,,,,,,,,,,,,,,,,,,,,,,,
469,,,VAFFELJERN PINNEVAFFEL/#5044EX,1,,visible,,,,,,,1,2,0,0,18,,,,0,,,7823,Vafler maskiner og utstyr,,,,,,,,,,,,,,,,,,,,,,,,,
554,,,VAFFELJERN VAFFELPINNE,1,,visible,,,,,,,1,4,0,0,14,,,,0,,,9403,Vafler maskiner og utstyr,,,,,,,,,,,,,,,,,,,,,,,,,
646,,,Vaffelklype,1,,visible,,,,,,,1,8,0,0,,,,,0,,,95,Vafler maskiner og utstyr,,,,,,,,,,,,,,,,,,,,,,,,,
560,,,VAFFELRIST MED SKUFF,1,,hidden,,,,,,,1,4,0,0,1,,,,0,,,824,Vafler maskiner og utstyr,,,,,,,,,,,,,,,,,,,,,,,,,
200,,,VANNMELON /50 G/96 STK.,1,,visible,,,,,,,1,107,0,0,5,,,,0,,,893,Kjærligheter,,,,,,,,,,,,,,,,,,,,,,,,,
87,,,VARME ELEMENT 47666 1250 WATT (6-8 oz),1,,visible,,Oppdatert 9/22,,,,,1,12,0,0,,,,,0,,,670,Deler og tilbehør,,,,,,,,,,,,,,,,,,,,,,,,,
429,,,VARME ELEMENT TIL FLOSS/ECONO#42338,1,,visible,,Oppdatert 9/22,,,,,1,6,0,0,,,,,0,,,690,Deler og tilbehør,,,,,,,,,,,,,,,,,,,,,,,,,
428,,,VARME ELEMENT TIL TORNADO #43004,1,,visible,,Priser inn/ut oppdatert 9/22,,,,,1,18,0,0,,,,,0,,,860,Deler og tilbehør,,,,,,,,,,,,,,,,,,,,,,,,,
431,,,VARME ELEMENT TIL WIRLDWIND#42338,1,,visible,,Oppdatert 9/22,,,,,0,,0,0,,,,,0,,,860,Deler og tilbehør,,,,,,,,,,,,,,,,,,,,,,,,,
331,,,VARMEELEMENT ASTRO #40280,1,,visible,,"Oppdatert 9/22
Nozzle Heater.",,,,,1,2,0,0,,,,,0,,,1646,Deler og tilbehør,,,,,,,,,,,,,,,,,,,,,,,,,
660,,,Varmeelement bunnplate Citation (Gammel mod/tube),1,,visible,,,,,,,1,1,0,0,,,,,0,,,690,Deler og tilbehør,,,,,,,,,,,,,,,,,,,,,,,,,
441,,,VARMEELEMENT BUNNPLATE P-60 #40113,1,,visible,,Oppdatert 9/22,,,,,1,11,0,0,,,,,0,,,690,Deler og tilbehør,,,,,,,,,,,,,,,,,,,,,,,,,
540,,,VARMEELEMENT CANDY APPLE/1800W/#38317,1,,visible,,Oppdatert 9/22,,,,,1,13,0,0,,,,,0,,,1450,Deler og tilbehør,,,,,,,,,,,,,,,,,,,,,,,,,
449,,,VARMEELEMENT CITATION KJELE/16OZ/1500W/#67014EX,1,,visible,,Oppdatert 9/22,,,,,1,5,0,0,,,,,0,,,1585,Deler og tilbehør,,,,,,,,,,,,,,,,,,,,,,,,,
606,,,Varmeelement SuperFloss,1,,visible,,Oppdatert 7/22,,,,,1,1,0,0,0.1,,,,0,,,2210,Deler og tilbehør,,,,,,,,,,,,,,,,,,,,,,,,,
644,,,Varmeelement The Breeze #48799EX,1,,visible,,,,,,,1,2,0,0,,,,,0,,,2200,Deler og tilbehør,,,,,,,,,,,,,,,,,,,,,,,,,
47,,,VARMEPLATE MANDEL,1,,visible,,,,,,,1,1,0,0,,,,,0,,,3800,Andre maskiner,,,,,,,,,,,,,,,,,,,,,,,,,
138,,,VARMESKAP CITATION RUSTFRITT STÅL #2025STX,1,,visible,,11/22,,,,,1,1,0,0,35.9,,,,0,,,13000,Popcornmaskiner,,,,,,,,,,,,,,,,,,,,,,,,,
139,,,VARMESKAP M/HYLLER #5588EX,1,,visible,,11/22,,,,,1,8,0,0,35.9,,,,0,,,11950,Popcornmaskiner,,,,,,,,,,,,,,,,,,,,,,,,,
454,,,VARMESKAP POPCORN 60CM (HØYSKAP),1,,visible,,"5852,- INK FRAKT. OG TOPPSKILT ",,,,,0,,0,0,,,,,0,,,12900,Popcornmaskiner,,,,,,,,,,,,,,,,,,,,,,,,,
455,,,VARMESKAP POPCORN DOBBELT 120CM (HØYSKAP),1,,visible,,"8163,- INK FRAKT. OG TOPPSKILT ",,,,,0,,0,0,,,,,0,,,18900,Popcornmaskiner,,,,,,,,,,,,,,,,,,,,,,,,,
461,,,"VARMESKAP TIL INNBYGGING/36""/#2686",1,,visible,,,,,,,0,,0,0,,,,,0,,,35000,Popcornmaskiner,,,,,,,,,,,,,,,,,,,,,,,,,
570,,,VENTIL,1,,visible,,,,,,,1,6,0,0,,,,,0,,,488,Deler Slushmaskiner,,,,,,,,,,,,,,,,,,,,,,,,,
528,,,VOLTMETER 220V TORNADO/WIRLDWIND #48034,1,,visible,,Oppdatert 9/22,,,,,1,4,0,0,,,,,0,,,620,Deler og tilbehør,,,,,,,,,,,,,,,,,,,,,,,,,
556,,,WAFFLE FRIES BAKEPLATER,1,,visible,,,,,,,1,1,0,0,4.9,,,,0,,,3519,Vafler maskiner og utstyr,,,,,,,,,,,,,,,,,,,,,,,,,
631,,,Øffer Fleskesvor Jalapeno /21 stk./75g,1,,visible,,,,,,,0,,0,0,2,,,,0,,,386,Snacks,,,,,,,,,,,,,,,,,,,,,,,,,
630,,,Øffer Fleskesvor Salt /21 stk./75g,1,,visible,,,,,,,0,,0,0,,,,,0,,,386,Snacks,,,,,,,,,,,,,,,,,,,,,,,,,